sessionId,insuredId,persona,countryCode,city,sessionNumber,sessionStart,sessionEnd,startHour,endHour,dayOfWeek,isWeekend,firstAction,lastAction,firstRoute,lastRoute,totalEvents,totalDurationSeconds,avgInterActionSeconds,minInterActionSeconds,maxInterActionSeconds,uniqueActions,uniqueRoutes,uniqueIpsUsed,uniqueDevicesUsed,totalKOs,totalOKs,longestKoStreak,hasLogin,hasLogout,ipChanged,deviceChanged,totalDownloadActions,maxDownloadsIn2Minutes,pingPongCount,endedAbruptly,is_anomaly,primary_anomaly_type,month,riskScoreMax,riskScoreAvg,anomaly_event_count,anomaly_types,campaignIds,actionSequenceSignature,routeSequenceSignature,iso_score,anomaly_prob,churn_prob,ensembleRiskScore
5933737-1923-82,23191923,self_service,FR,Paris,82,2025-11-29 18:37:11+00:00,2025-11-29 18:59:11+00:00,18,18,5,1,Connexion,Déconnexion,login,logout,6,1320.0,264.0,24.0,531.0,5,5,2,2,3,3,2,1,1,1,1,0,0,1,0,1,impossible_device_switch,2025-11,90,47.5,6,"[""impossible_device_switch""]",[],Connexion > envoi d'une demande de résiliation > Exporter remboursement > Changement de Mot de passe > Exporter remboursement > Déconnexion,login > resiliation > refunds > personal_info > refunds > logout,0.5614326919448479,0.99979264,0.0,100.0
8312712-7178-87,66657178,admin_delegated,DE,Hamburg,87,2025-12-15 18:27:08+00:00,2025-12-15 18:57:08+00:00,18,18,0,0,Connexion,Déconnexion,login,logout,6,1800.0,360.0,17.0,561.0,6,5,2,2,5,1,3,1,1,1,1,0,0,0,0,1,impossible_device_switch,2025-12,90,53.33,6,"[""impossible_device_switch""]",[],Connexion > Changement de Mot de passe > envoi d'une demande de résiliation > Changer ses informations personnel > Changer l'organisme de rattachement sécu. Social > Déconnexion,login > personal_info > resiliation > personal_info > preferences > logout,0.5749913028453912,0.99994385,0.0,100.0
2692995-0589-93,73030589,frequent_checker,IT,Rome,93,2025-12-09 11:10:05+00:00,2025-12-09 11:32:40+00:00,11,11,1,0,Connexion,Déconnexion,login,logout,6,1355.0,271.0,14.0,442.0,6,5,2,2,3,3,2,1,1,1,1,0,0,0,0,1,impossible_device_switch,2025-12,90,45.0,6,"[""impossible_device_switch""]",[],Connexion > Partager un justificatif du PACS > demander un renvoi par mail d'échéancier > Envoi d'une réclamation > Changer l'organisme de rattachement sécu. Social > Déconnexion,login > documents > claims > claims > preferences > logout,0.5444842344486279,0.9998994,0.0,100.0
2702288-0838-91,62090838,admin_delegated,PT,Porto,91,2025-12-09 18:03:24+00:00,2025-12-09 18:11:59+00:00,18,18,1,0,Connexion en tant que,SSO Disconnect,login,logout,6,515.0,103.0,41.0,239.0,6,6,2,2,3,3,2,1,1,1,1,1,1,0,0,1,impossible_device_switch,2025-12,90,47.5,6,"[""impossible_device_switch""]",[],Connexion en tant que > envoi d'une demande de résiliation > Téléchargement de la carte de tiers payant > Envoi d'une réclamation > Exporter remboursement > SSO Disconnect,login > resiliation > tp_card > claims > refunds > logout,0.5952043755063967,0.9997713,0.0,100.0
8436257-1211-81,30561211,admin_delegated,BE,Brussels,81,2025-11-28 08:03:28+00:00,2025-11-28 08:12:38+00:00,8,8,4,0,Connexion,Déconnexion,login,logout,5,550.0,137.5,54.0,208.0,5,5,2,2,3,2,3,1,1,1,1,2,2,0,0,1,impossible_device_switch,2025-11,90,58.0,5,"[""impossible_device_switch""]",[],Connexion > Contactez nous : via message (Mes garanties) > Envoi d'un document > Envoi carte TP par mail > Déconnexion,login > contact_general > documents > preferences > logout,0.5768640078274406,0.9999,0.0,100.0
5207996-1563-86,88461563,new_user,FR,Lyon,86,2025-12-08 12:48:14+00:00,2025-12-08 13:02:23+00:00,12,13,0,0,Connexion SSO,SSO Disconnect,login,logout,6,849.0,169.8,50.0,351.0,6,6,2,2,3,3,2,1,1,1,1,1,1,0,0,1,impossible_device_switch,2025-12,90,45.0,6,"[""impossible_device_switch""]",[],Connexion SSO > demander un renvoi par mail d'échéancier > Ouverture d'un document contractuel > Changement de Mot de passe > Changer l'organisme de rattachement sécu. Social > SSO Disconnect,login > claims > documents > personal_info > beneficiaries > logout,0.5560295445665218,0.99970055,0.0,100.0
1574097-7689-75,70937689,self_service,FR,Nantes,75,2025-10-31 14:56:27+00:00,2025-10-31 15:13:57+00:00,14,15,4,0,Connexion,Déconnexion,login,logout,5,1050.0,262.5,37.0,594.0,5,5,2,2,3,2,1,1,1,1,1,1,1,0,0,1,impossible_device_switch,2025-10,90,52.0,5,"[""impossible_device_switch""]",[],Connexion > Changer l'organisme de rattachement sécu. Social > Contactez nous : via message (Mes garanties) > Ouverture d'un document contractuel > Déconnexion,login > beneficiaries > contact_general > documents > logout,0.4876982961548787,0.9998617,0.003917767641969439,100.0
2339101-9559-91,46409559,frequent_checker,IT,Rome,91,2025-12-21 18:38:39+00:00,2025-12-21 19:05:40+00:00,18,19,6,1,Connexion,Déconnexion,login,logout,6,1621.0,324.2,24.0,841.0,6,5,2,2,3,3,2,1,1,1,1,2,2,0,0,1,impossible_device_switch,2025-12,90,50.0,6,"[""impossible_device_switch""]",[],"Connexion > Téléchargement carte TP > Envoi d'un document > Changer les coordonnées bancaire, changement de RIB pour les cotisations > Changer les coordonnées bancaire > Déconnexion",login > tp_card > documents > banking > banking > logout,0.6051023091555766,0.9998988,0.001969023198182694,100.0
6803040-4999-72,26094999,self_service,IT,Turin,72,2025-10-29 10:26:56+00:00,2025-10-29 10:37:15+00:00,10,10,2,0,Connexion,Déconnexion,login,logout,5,619.0,154.75,43.0,397.0,5,5,2,2,3,2,1,1,1,1,1,0,0,0,0,1,impossible_device_switch,2025-10,90,52.0,5,"[""impossible_device_switch""]",[],Connexion > Contactez nous : via message (Mes remboursements) > demander un renvoi par mail d'échéancier > Exporter remboursement > Déconnexion,login > contact_general > claims > refunds > logout,0.5095931833445201,0.9998055,0.003915092062771098,100.0
9173221-9065-67,27499065,new_user,IT,Bologna,67,2025-10-28 12:48:43+00:00,2025-10-28 13:09:05+00:00,12,13,1,0,Connexion,Déconnexion,login,logout,6,1222.0,244.4,50.0,473.0,6,6,2,2,3,3,2,1,1,1,1,1,1,0,0,1,impossible_device_switch,2025-10,90,47.5,6,"[""impossible_device_switch""]",[],Connexion > Envoi d'une réclamation > envoi d'une demande de résiliation > Contactez nous : via message (Mes cotisations) > Télécharger un décompte > Déconnexion,login > claims > resiliation > contact_general > refunds > logout,0.5510348613799546,0.9998272,0.0,100.0
7493077-4717-78,86054717,frequent_checker,FR,Paris,78,2025-11-11 08:41:50+00:00,2025-11-11 08:58:21+00:00,8,8,1,0,Connexion en tant que,SSO Disconnect,login,logout,5,991.0,247.75,19.0,462.0,5,5,2,2,1,4,1,1,1,1,1,0,0,0,0,1,impossible_device_switch,2025-11,75,45.0,5,"[""impossible_device_switch""]",[],"Connexion en tant que > envoi d'une demande de résiliation > Changer ses informations personnel > Changer les coordonnées bancaire, changement de RIB pour les remboursements > SSO Disconnect",login > resiliation > personal_info > banking > logout,0.523225945183256,0.9998864,0.0,94.99545669555664
5913439-5929-77,90155929,frequent_checker,ES,Valencia,77,2025-11-14 08:25:26+00:00,2025-11-14 08:45:42+00:00,8,8,4,0,Connexion,Déconnexion,login,logout,6,1216.0,243.2,48.0,432.0,6,5,2,2,1,5,1,1,1,1,1,1,1,0,0,1,impossible_device_switch,2025-11,65,39.17,6,"[""impossible_device_switch""]",[],Connexion > demander un renvoi par mail d'échéancier > Contactez nous : via message (Ma télétransmission - rattachement automatique avec votre Régime Obligatoire) > Ouverture d'un document contractuel > Envoi d'une réclamation > Déconnexion,login > claims > contact_general > documents > claims > logout,0.5142948826598469,0.999845,0.0,94.99380111694336
4316885-9885-73,93739885,admin_delegated,FR,Bordeaux,73,2025-10-20 08:55:40+00:00,2025-10-20 09:28:55+00:00,8,9,0,0,Connexion,Déconnexion,login,logout,6,1995.0,399.0,20.0,690.0,5,5,2,2,1,5,1,1,1,1,1,1,1,0,0,1,impossible_device_switch,2025-10,65,39.17,6,"[""impossible_device_switch""]",[],Connexion > envoi d'une demande de résiliation > envoi d'une demande de résiliation > Envoi d'un document > Signature électronique d'un mandat sepa > Déconnexion,login > resiliation > resiliation > documents > beneficiaries > logout,0.50517390774177,0.9998431,0.0,94.99372482299805
500354-0589-80,73030589,frequent_checker,IT,Rome,80,2025-11-13 18:23:54+00:00,2025-11-13 18:40:36+00:00,18,18,3,0,Connexion,Déconnexion,login,logout,5,1002.0,250.5,50.0,633.0,5,5,2,2,2,3,2,1,1,1,1,1,1,0,0,1,impossible_device_switch,2025-11,75,47.0,5,"[""impossible_device_switch""]",[],"Connexion > Partager un justificatif du PACS > Changer les coordonnées bancaire, changement de RIB pour les remboursements > Téléchargement carte TP > Déconnexion",login > documents > banking > tp_card > logout,0.5567466500903311,0.99982446,0.0,94.99297714233398
3489900-5970-83,76515970,self_service,FR,Paris,83,2025-12-08 07:52:33+00:00,2025-12-08 08:19:59+00:00,7,8,0,0,Connexion,Déconnexion,login,logout,6,1646.0,329.2,32.0,674.0,6,6,2,2,2,4,2,1,1,1,1,0,0,0,0,1,impossible_device_switch,2025-12,75,40.83,6,"[""impossible_device_switch""]",[],Connexion > Envoi d'un message > Changer ses informations personnel > envoi d'une demande de résiliation > Changer l'organisme de rattachement sécu. Social > Déconnexion,login > contact_general > personal_info > resiliation > beneficiaries > logout,0.5150903753476131,0.99981743,0.0,94.9926986694336
5896433-9108-78,75559108,frequent_checker,NL,Amsterdam,78,2025-11-18 08:09:26+00:00,2025-11-18 08:21:36+00:00,8,8,1,0,Connexion SSO,SSO Disconnect,login,logout,5,730.0,182.5,16.0,560.0,5,5,2,2,1,4,1,1,1,1,1,1,1,0,0,1,impossible_device_switch,2025-11,75,45.0,5,"[""impossible_device_switch""]",[],Connexion SSO > Téléchargement carte TP > Exporter remboursement > Changer ses informations personnel > SSO Disconnect,login > tp_card > refunds > personal_info > logout,0.540534950578275,0.9998073,0.0,94.99229049682617
4574962-3444-82,86943444,admin_delegated,ES,Barcelona,82,2025-11-29 08:06:45+00:00,2025-11-29 08:15:48+00:00,8,8,5,1,Connexion en tant que,SSO Disconnect,login,logout,5,543.0,135.75,20.0,344.0,4,5,2,2,2,3,2,1,1,1,1,1,1,0,0,1,impossible_device_switch,2025-11,75,47.0,5,"[""impossible_device_switch""]",[],Connexion en tant que > Signature électronique d'un mandat sepa > Signature électronique d'un mandat sepa > Renvoi carte TP papier > SSO Disconnect,login > banking > beneficiaries > tp_card > logout,0.5992908031276997,0.9998061,0.0,94.99224472045898
7725682-6264-90,61156264,contact_heavy,ES,Madrid,90,2025-12-21 08:40:37+00:00,2025-12-21 08:54:50+00:00,8,8,6,1,Connexion,Déconnexion,login,logout,5,853.0,213.25,18.0,362.0,5,5,2,2,0,5,0,1,1,1,1,0,0,0,0,1,impossible_device_switch,2025-12,65,43.0,5,"[""impossible_device_switch""]",[],"Connexion > Changer les coordonnées bancaire, changement de RIB pour les cotisations > envoi d'une demande de résiliation > Changer l'organisme de rattachement sécu. Social > Déconnexion",login > banking > resiliation > beneficiaries > logout,0.5097716455018133,0.99979824,0.0,94.99192810058594
7297126-3375-74,68033375,self_service,FR,Toulouse,74,2025-10-23 09:09:26+00:00,2025-10-23 09:20:34+00:00,9,9,3,0,Connexion en tant que,SSO Disconnect,login,logout,5,668.0,167.0,38.0,261.0,5,5,2,2,2,3,1,1,1,1,1,0,0,0,0,1,impossible_device_switch,2025-10,75,47.0,5,"[""impossible_device_switch""]",[],Connexion en tant que > Exporter remboursement > Signature électronique d'un mandat sepa > Partager un justificatif du PACS > SSO Disconnect,login > refunds > beneficiaries > documents > logout,0.5213819048055307,0.99977964,0.0,94.99118423461914
4431154-1885-69,24671885,frequent_checker,IT,Bologna,69,2025-10-21 10:50:17+00:00,2025-10-21 11:06:24+00:00,10,11,1,0,Connexion,Déconnexion,login,logout,6,967.0,193.4,35.0,526.0,6,6,2,2,0,6,0,1,1,1,1,1,1,0,0,1,impossible_device_switch,2025-10,65,37.5,6,"[""impossible_device_switch""]",[],Connexion > envoi d'une demande de résiliation > Envoi carte TP par mail > Changer l'organisme de rattachement sécu. Social > Exporter remboursement > Déconnexion,login > resiliation > preferences > beneficiaries > refunds > logout,0.47990986994677365,0.9997013,0.0,94.98805236816406
