source,feature_type,algo,k,clusters_found,labels_found,noise_labels,valid_cluster_metric,silhouette,davies_bouldin,ARI,NMI,purity,bic,n_users,dim
Behavioral_Transformer_MH_2-head_embedding_plus_profile,hybrid_embedding_profile,KMeans,7,7,7,0,True,0.1525387465953827,1.82847036466238,0.746751274364381,0.8250479716688742,0.7975951903807615,,998,161
Temporal_CNN___TCN_embedding_plus_profile,hybrid_embedding_profile,KMeans,7,7,7,0,True,0.1666765809059143,1.8427751000588355,0.7373513424274937,0.8165615174298779,0.7935871743486974,,998,161
Temporal_CNN___TCN_embedding_plus_profile,hybrid_embedding_profile,KMeans,8,8,8,0,True,0.1549735814332962,1.840954768845306,0.6884756180744744,0.7860824553335571,0.7955911823647295,,998,161
Behavioral_Transformer_MH_2-head_embedding_plus_profile,hybrid_embedding_profile,KMeans,9,9,9,0,True,0.14692053198814392,2.203987445065186,0.6870385646214965,0.790603438870344,0.8056112224448898,,998,161
Behavioral_Transformer_MH_2-head_embedding_plus_profile,hybrid_embedding_profile,Agglomerative,10,10,10,0,True,0.13782307505607605,1.8626332614630439,0.6790256095684085,0.7571239086559118,0.8056112224448898,,998,161
Behavioral_Transformer_MH_2-head_embedding_plus_profile,hybrid_embedding_profile,KMeans,6,6,6,0,True,0.14921915531158447,1.874941837729038,0.6682441224835631,0.7939832031139294,0.7464929859719439,,998,161
Temporal_CNN___TCN_embedding_plus_profile,hybrid_embedding_profile,KMeans,6,6,6,0,True,0.16083958745002747,1.8730490086953269,0.6588532845748973,0.7897550689026032,0.7424849699398798,,998,161
Behavioral_Transformer_MH_2-head_embedding_plus_profile,hybrid_embedding_profile,KMeans,10,10,10,0,True,0.14354708790779114,2.0719927339428965,0.6429649042258784,0.7905888138782329,0.8326653306613226,,998,161
Behavioral_Transformer_MH_2-head_embedding_plus_profile,hybrid_embedding_profile,MiniBatchKMeans,7,7,7,0,True,0.13605700433254242,2.0499667227102205,0.6388394096533786,0.747973706662296,0.7274549098196392,,998,161
Temporal_CNN___TCN_embedding_plus_profile,hybrid_embedding_profile,KMeans,10,10,10,0,True,0.14175774157047272,2.198104014333218,0.6342715845419303,0.7735385727723099,0.8476953907815631,,998,161
Behavioral_Transformer_MH_2-head_embedding_plus_profile,hybrid_embedding_profile,Agglomerative,8,8,8,0,True,0.13372355699539185,1.9656316425267404,0.6339361090932643,0.7390910179845789,0.7675350701402806,,998,161
Temporal_CNN___TCN_embedding_plus_profile,hybrid_embedding_profile,Agglomerative,10,10,10,0,True,0.14870817959308624,1.7636980469603565,0.6298363911973324,0.7075126739373531,0.7535070140280561,,998,161
Temporal_CNN___TCN_embedding_plus_profile,hybrid_embedding_profile,GMM,10,10,10,0,True,0.11807718873023987,2.659734238219949,0.6194638194328853,0.7381448364206568,0.8136272545090181,114559.34794121874,998,161
Temporal_CNN___TCN_embedding_plus_profile,hybrid_embedding_profile,Agglomerative,8,8,8,0,True,0.14666204154491425,1.9925969695891281,0.6140810478578647,0.7119144918326168,0.7535070140280561,,998,161
Temporal_CNN___TCN_embedding_plus_profile,hybrid_embedding_profile,KMeans,9,9,9,0,True,0.15067601203918457,2.00377701586587,0.6136938563452253,0.7674778744982685,0.7955911823647295,,998,161
Behavioral_Transformer_MH_2-head_embedding_plus_profile,hybrid_embedding_profile,MiniBatchKMeans,8,8,8,0,True,0.13669845461845398,1.979345791299559,0.612892029663786,0.7271296153079821,0.7284569138276553,,998,161
Temporal_CNN___TCN_embedding_plus_profile,hybrid_embedding_profile,GMM,11,11,11,0,True,0.1259973794221878,2.6718349363864333,0.6095030680639957,0.7414363333613245,0.8046092184368737,114419.46930449463,998,161
Behavioral_Transformer_MH_2-head_embedding_only,sequence_embedding,GMM,12,12,12,0,True,0.08994705975055695,2.7550674392214525,0.6063146585678284,0.7193741495480581,0.8316633266533067,101809.29295714461,998,128
Temporal_CNN___TCN_embedding_only,sequence_embedding,GMM,10,10,10,0,True,0.11185331642627716,2.0344646008418286,0.6044135811251283,0.7002191354466503,0.7364729458917836,100968.86613421633,998,128
Behavioral_Transformer_MH_2-head_embedding_only,sequence_embedding,KMeans,6,6,6,0,True,0.1510666012763977,1.8188126313342785,0.604120561632702,0.7488407115803003,0.7014028056112225,,998,128
Temporal_CNN___TCN_embedding_plus_profile,hybrid_embedding_profile,MiniBatchKMeans,12,12,12,0,True,0.13916166126728058,2.1197193011370072,0.6036793264862493,0.6841489269274816,0.7615230460921844,,998,161
Temporal_CNN___TCN_embedding_only,sequence_embedding,GMM,12,12,12,0,True,0.09710217267274857,2.686782206260069,0.6016103321056272,0.730268239807093,0.8166332665330661,100060.42147280418,998,128
Temporal_CNN___TCN_embedding_only,sequence_embedding,GMM,9,9,9,0,True,0.11056411266326904,2.144047798976386,0.5990432583252021,0.7087268972554459,0.7324649298597194,101262.47568004299,998,128
Temporal_CNN___TCN_embedding_plus_profile,hybrid_embedding_profile,KMeans,12,12,12,0,True,0.1464136838912964,2.03943393478166,0.598395401223417,0.7527193332959655,0.844689378757515,,998,161
Temporal_CNN___TCN_embedding_only,sequence_embedding,KMeans,6,6,6,0,True,0.15971466898918152,1.8322125932390996,0.5973800408729777,0.743711310600876,0.6983967935871743,,998,128
Behavioral_Transformer_MH_2-head_embedding_plus_profile,hybrid_embedding_profile,GMM,10,10,10,0,True,0.10929711163043976,2.658215443938256,0.5958767094206368,0.7156181623135631,0.7915831663326653,115605.82119211294,998,161
Temporal_CNN___TCN_embedding_plus_profile,hybrid_embedding_profile,MiniBatchKMeans,10,10,10,0,True,0.1339045912027359,2.245757282735135,0.5930045187742865,0.7648968290839497,0.7975951903807615,,998,161
Temporal_CNN___TCN_embedding_only,sequence_embedding,GMM,7,7,7,0,True,0.12403823435306549,1.937655451719339,0.591445116527965,0.7319940986901827,0.7044088176352705,101539.89480402638,998,128
Temporal_CNN___TCN_embedding_plus_profile,hybrid_embedding_profile,KMeans,11,11,11,0,True,0.14908649027347565,1.9860164382987981,0.5895212838781934,0.7499102301039076,0.8026052104208417,,998,161
Behavioral_Transformer_MH_2-head_embedding_only,sequence_embedding,Agglomerative,8,8,8,0,True,0.12296738475561142,1.9438356947971909,0.5865152656113416,0.7057027268919926,0.7214428857715431,,998,128
Temporal_CNN___TCN_embedding_plus_profile,hybrid_embedding_profile,GMM,9,9,9,0,True,0.12461426109075546,2.657453482338239,0.58393190375575,0.7255541426818561,0.7615230460921844,114648.39513915041,998,161
Behavioral_Transformer_MH_2-head_embedding_only,sequence_embedding,KMeans,7,7,7,0,True,0.12737037241458893,1.9312434307623232,0.58065696337939,0.7021527316220584,0.7004008016032064,,998,128
Temporal_CNN___TCN_embedding_only,sequence_embedding,KMeans,7,7,7,0,True,0.1496487557888031,1.9493089619795338,0.579778880144478,0.7015390622340079,0.6983967935871743,,998,128
Behavioral_Transformer_MH_2-head_embedding_plus_profile,hybrid_embedding_profile,Agglomerative,6,6,6,0,True,0.12291134893894196,1.9220036700821979,0.5781588961311739,0.7411033400794557,0.7144288577154309,,998,161
Behavioral_Transformer_MH_2-head_embedding_plus_profile,hybrid_embedding_profile,KMeans,11,11,11,0,True,0.1443852037191391,2.1749317189643937,0.5760747504461274,0.7426149134930862,0.8046092184368737,,998,161
Behavioral_Transformer_MH_2-head_embedding_plus_profile,hybrid_embedding_profile,MiniBatchKMeans,11,11,11,0,True,0.12503314018249512,2.2872640306531484,0.5742544591294176,0.7568422620544061,0.8006012024048096,,998,161
Behavioral_Transformer_MH_2-head_embedding_only,sequence_embedding,Agglomerative,10,10,10,0,True,0.12987975776195526,1.8736843696208811,0.5736667451167933,0.6936955339365236,0.7214428857715431,,998,128
Behavioral_Transformer_MH_2-head_embedding_only,sequence_embedding,GMM,6,6,6,0,True,0.045387472957372665,2.30097913909025,0.5725385517800823,0.6829048394289898,0.7024048096192385,102922.73027745585,998,128
Temporal_CNN___TCN_embedding_plus_profile,hybrid_embedding_profile,MiniBatchKMeans,7,7,7,0,True,0.13678602874279022,2.208004826493757,0.5712353135260364,0.7110090941904256,0.6773547094188377,,998,161
Behavioral_Transformer_MH_2-head_embedding_only,sequence_embedding,Agglomerative,6,6,6,0,True,0.14002352952957153,1.8332354348391842,0.5706433345183959,0.7236626033374293,0.687374749498998,,998,128
Temporal_CNN___TCN_embedding_only,sequence_embedding,Agglomerative,6,6,6,0,True,0.14811071753501892,1.8559290458987032,0.5659912825614206,0.714772635305572,0.6923847695390781,,998,128
Temporal_CNN___TCN_embedding_only,sequence_embedding,GMM,8,8,8,0,True,0.12645825743675232,2.7615136432280307,0.5657028453309353,0.7210972047911224,0.7124248496993988,101118.74318266573,998,128
Behavioral_Transformer_MH_2-head_embedding_plus_profile,hybrid_embedding_profile,GMM,7,7,7,0,True,0.09335561841726303,2.088829968261754,0.5648420599630493,0.6904719869871161,0.7234468937875751,116304.89637999429,998,161
Behavioral_Transformer_MH_2-head_embedding_only,sequence_embedding,KMeans,10,10,10,0,True,0.13329750299453735,2.176315035712311,0.5643257270517454,0.7305492240959814,0.7915831663326653,,998,128
Temporal_CNN___TCN_embedding_plus_profile,hybrid_embedding_profile,GMM,12,12,12,0,True,0.08711275458335876,2.6443300700260797,0.5626797355503095,0.7044340478539465,0.8016032064128257,114409.57546883031,998,161
Behavioral_Transformer_MH_2-head_embedding_plus_profile,hybrid_embedding_profile,KMeans,12,12,12,0,True,0.14540910720825195,2.1469553716042866,0.5615216446429716,0.7368799977463291,0.8076152304609219,,998,161
Behavioral_Transformer_MH_2-head_embedding_plus_profile,hybrid_embedding_profile,KMeans,8,8,8,0,True,0.14447978138923645,2.161669875380452,0.561038117391668,0.7325829947167571,0.7434869739478958,,998,161
Behavioral_Transformer_MH_2-head_embedding_only,sequence_embedding,GMM,7,7,7,0,True,0.10392377525568008,2.3451118948563017,0.5550693209876002,0.7022850717987111,0.6382765531062125,102780.34400358032,998,128
Temporal_CNN___TCN_embedding_plus_profile,hybrid_embedding_profile,MiniBatchKMeans,11,11,11,0,True,0.14966444671154022,1.8723776278042914,0.5534398363509319,0.7093721671077228,0.7575150300601202,,998,161
Behavioral_Transformer_MH_2-head_embedding_only,sequence_embedding,KMeans,9,9,9,0,True,0.1357940137386322,2.097845752201916,0.5531920373597687,0.7222287879180742,0.7434869739478958,,998,128
Behavioral_Transformer_MH_2-head_embedding_only,sequence_embedding,KMeans,11,11,11,0,True,0.13487602770328522,2.119385290990591,0.5481067722462399,0.7097791178641518,0.7885771543086172,,998,128
Temporal_CNN___TCN_embedding_plus_profile,hybrid_embedding_profile,Agglomerative,6,6,6,0,True,0.13974151015281677,1.9075148795821242,0.5479061515321639,0.7144751099526824,0.7044088176352705,,998,161
Behavioral_Transformer_MH_2-head_embedding_plus_profile,hybrid_embedding_profile,GMM,12,12,12,0,True,0.09837275743484497,2.677348036785259,0.5476217991227595,0.6711461701931251,0.7354709418837675,115549.45005919697,998,161
Temporal_CNN___TCN_embedding_only,sequence_embedding,KMeans,9,9,9,0,True,0.14571966230869293,2.076664329909245,0.5465707667282442,0.717645353614658,0.7434869739478958,,998,128
Behavioral_Transformer_MH_2-head_embedding_plus_profile,hybrid_embedding_profile,GMM,9,9,9,0,True,0.10601416975259781,2.773765544612373,0.5445601460423231,0.6691922502269432,0.7414829659318637,116073.35827677698,998,161
Behavioral_Transformer_MH_2-head_embedding_plus_profile,hybrid_embedding_profile,MiniBatchKMeans,9,9,9,0,True,0.13906241953372955,2.1983593601780895,0.5438817569919168,0.7193365470727816,0.7404809619238477,,998,161
Temporal_CNN___TCN_embedding_plus_profile,hybrid_embedding_profile,GMM,7,7,7,0,True,0.1205318346619606,2.852293742096517,0.5390635801806591,0.679789370425155,0.6903807615230461,115289.8440237745,998,161
Behavioral_Transformer_MH_2-head_embedding_plus_profile,hybrid_embedding_profile,GMM,11,11,11,0,True,0.07620036602020264,2.870172974175881,0.5378735724996261,0.6695144558792481,0.7635270541082164,115342.07797471987,998,161
Behavioral_Transformer_MH_2-head_embedding_only,sequence_embedding,KMeans,12,12,12,0,True,0.11994367092847824,2.150328768450653,0.5337733345087041,0.686392722121042,0.782565130260521,,998,128
Behavioral_Transformer_MH_2-head_embedding_only,sequence_embedding,KMeans,5,5,5,0,True,0.14307329058647156,1.8608756958599018,0.5326678161619991,0.7221891282162447,0.656312625250501,,998,128
Behavioral_Transformer_MH_2-head_embedding_only,sequence_embedding,GMM,11,11,11,0,True,0.11336880922317505,2.583124927106763,0.5249517685559731,0.6621744027685644,0.7134268537074149,102058.48882571152,998,128
Behavioral_Transformer_MH_2-head_embedding_only,sequence_embedding,KMeans,8,8,8,0,True,0.1296660304069519,2.0864066919639206,0.522001044815962,0.6950944145076513,0.7054108216432866,,998,128
Behavioral_Transformer_MH_2-head_embedding_plus_profile,hybrid_embedding_profile,KMeans,5,5,5,0,True,0.13243675231933594,2.004237493208042,0.5210761658582228,0.6933770508002209,0.5691382765531062,,998,161
Temporal_CNN___TCN_embedding_only,sequence_embedding,GMM,5,5,5,0,True,0.12290167063474655,1.8652154603938533,0.5205050943689921,0.7213874097853381,0.6503006012024048,102248.43997856734,998,128
Temporal_CNN___TCN_embedding_only,sequence_embedding,KMeans,5,5,5,0,True,0.15391045808792114,1.8588976647838131,0.5199916334659805,0.7131637584846221,0.6513026052104208,,998,128
Behavioral_Transformer_MH_2-head_embedding_only,sequence_embedding,GMM,10,10,10,0,True,0.08362254500389099,2.7917260955722503,0.5184368590144849,0.6686277730572628,0.7094188376753507,102359.76834912093,998,128
Behavioral_Transformer_MH_2-head_embedding_only,sequence_embedding,MiniBatchKMeans,9,9,9,0,True,0.08776199817657471,2.3945371283422023,0.5174994650683732,0.6048244011510112,0.6743486973947895,,998,128
Behavioral_Transformer_MH_2-head_embedding_only,sequence_embedding,MiniBatchKMeans,7,7,7,0,True,0.1087992712855339,2.0969775898090504,0.5160133521131247,0.6168840751250881,0.6322645290581163,,998,128
Temporal_CNN___TCN_embedding_only,sequence_embedding,MiniBatchKMeans,12,12,12,0,True,0.1513206511735916,1.9773612337207183,0.515757884524514,0.6872455292427361,0.7695390781563126,,998,128
Behavioral_Transformer_MH_2-head_embedding_plus_profile,hybrid_embedding_profile,MiniBatchKMeans,10,10,10,0,True,0.14097075164318085,2.1907103267509385,0.5149048528028746,0.6998415987163398,0.7444889779559118,,998,161
Temporal_CNN___TCN_embedding_plus_profile,hybrid_embedding_profile,GMM,8,8,8,0,True,0.11379934847354889,2.8071134395472743,0.5143548347149314,0.6727296432798713,0.6943887775551102,114993.44664545974,998,161
Behavioral_Transformer_MH_2-head_embedding_plus_profile,hybrid_embedding_profile,MiniBatchKMeans,5,5,5,0,True,0.13182540237903595,1.967792534608637,0.5134637087565722,0.6926264792727995,0.5771543086172345,,998,161
Temporal_CNN___TCN_embedding_only,sequence_embedding,KMeans,8,8,8,0,True,0.15101654827594757,1.9921737525985717,0.5126084700338355,0.6848433667778921,0.6973947895791583,,998,128
Temporal_CNN___TCN_embedding_only,sequence_embedding,GMM,11,11,11,0,True,0.11426499485969543,2.4576751415130986,0.5110899401707252,0.6661855389746689,0.6913827655310621,100563.06913228196,998,128
Temporal_CNN___TCN_embedding_only,sequence_embedding,KMeans,10,10,10,0,True,0.1390877515077591,2.00781894864299,0.5108027802634846,0.680824149330588,0.7364729458917836,,998,128
Behavioral_Transformer_MH_2-head_embedding_plus_profile,hybrid_embedding_profile,GMM,8,8,8,0,True,0.11014316231012344,2.7801491122226967,0.5101455691105489,0.649841677085141,0.688376753507014,116141.97357492926,998,161
Temporal_CNN___TCN_embedding_only,sequence_embedding,Agglomerative,8,8,8,0,True,0.13925135135650635,2.0309936068457706,0.5089367547332934,0.6629877664049822,0.6923847695390781,,998,128
Behavioral_Transformer_MH_2-head_embedding_only,sequence_embedding,MiniBatchKMeans,8,8,8,0,True,0.12526404857635498,2.1870577717380266,0.5069512637577073,0.6898463312518941,0.7044088176352705,,998,128
Temporal_CNN___TCN_embedding_only,sequence_embedding,Agglomerative,10,10,10,0,True,0.13136331737041473,1.9009831368294106,0.5056319562502843,0.6322646104114146,0.6923847695390781,,998,128
Temporal_CNN___TCN_embedding_only,sequence_embedding,KMeans,12,12,12,0,True,0.13874177634716034,1.9672168790380733,0.5040511027418021,0.6657761778397543,0.7665330661322646,,998,128
Behavioral_Transformer_MH_2-head_embedding_plus_profile,hybrid_embedding_profile,GMM,6,6,6,0,True,0.06585276126861572,2.2519873776017434,0.5001546679959521,0.6311314903251555,0.6603206412825652,116552.16783120108,998,161
Temporal_CNN___TCN_embedding_only,sequence_embedding,KMeans,11,11,11,0,True,0.13320738077163696,2.024928058668982,0.4946159453873712,0.6478532959483888,0.7454909819639278,,998,128
Temporal_CNN___TCN_embedding_only,sequence_embedding,MiniBatchKMeans,5,5,5,0,True,0.12877728044986725,2.140994464966883,0.4945259417541672,0.6294305197969832,0.6082164328657315,,998,128
Behavioral_Transformer_MH_2-head_embedding_plus_profile,hybrid_embedding_profile,Spectral,7,7,7,0,True,0.10821973532438278,2.052722213231451,0.4933115266454337,0.6730103401955154,0.6312625250501002,,998,161
Behavioral_Transformer_MH_2-head_embedding_only,sequence_embedding,Spectral,8,8,8,0,True,0.08484022319316864,1.9733629852012777,0.4870779448515411,0.6201983652912016,0.6302605210420842,,998,128
Behavioral_Transformer_MH_2-head_embedding_plus_profile,hybrid_embedding_profile,Spectral,8,8,8,0,True,0.1074538305401802,1.995447798764531,0.4832572417358324,0.6487548730448455,0.6152304609218436,,998,161
Behavioral_Transformer_MH_2-head_embedding_only,sequence_embedding,GMM,9,9,9,0,True,0.061434146016836166,2.8631783966069397,0.482608661354546,0.6425336769017771,0.6733466933867736,101955.59164060027,998,128
Behavioral_Transformer_MH_2-head_embedding_only,sequence_embedding,MiniBatchKMeans,10,10,10,0,True,0.10094109177589417,2.5034352629826935,0.48083733501940384,0.6533947190419228,0.7154308617234469,,998,128
Behavioral_Transformer_MH_2-head_embedding_only,sequence_embedding,GMM,8,8,8,0,True,0.07513190805912018,3.0141949813942244,0.4794429271224202,0.6578603119710571,0.6372745490981964,102497.52111320908,998,128
Behavioral_Transformer_MH_2-head_embedding_plus_profile,hybrid_embedding_profile,MiniBatchKMeans,12,12,12,0,True,0.13922730088233948,2.217266113061781,0.4793631678732584,0.6644515448060908,0.7404809619238477,,998,161
Behavioral_Transformer_MH_2-head_embedding_only,sequence_embedding,MiniBatchKMeans,5,5,5,0,True,0.12145166844129562,2.184944280698377,0.4788529183398129,0.6500665269606989,0.5851703406813628,,998,128
Temporal_CNN___TCN_embedding_only,sequence_embedding,GMM,6,6,6,0,True,0.12438350915908813,3.001624902140904,0.4776852261134501,0.6854967302815195,0.6412825651302605,101689.48100737194,998,128
Temporal_CNN___TCN_embedding_plus_profile,hybrid_embedding_profile,KMeans,5,5,5,0,True,0.15699402987957,1.885188388044353,0.4750596927788267,0.6839796697038799,0.5581162324649298,,998,161
profile_only,pure_tabular_profile,MiniBatchKMeans,10,10,10,0,True,0.1698915958404541,1.63051960733533,0.4694084237229997,0.5801361157582562,0.6462925851703407,,998,33
Behavioral_Transformer_MH_2-head_embedding_only,sequence_embedding,GMM,5,5,5,0,True,0.09235498309135437,2.1617879873317767,0.46597737677893114,0.627276783175902,0.6182364729458918,103587.21136448708,998,128
Behavioral_Transformer_MH_2-head_embedding_plus_profile,hybrid_embedding_profile,Spectral,6,6,6,0,True,0.10630816966295242,1.8297375408485488,0.4651747696234322,0.7123682546729375,0.6312625250501002,,998,161
Temporal_CNN___TCN_embedding_plus_profile,hybrid_embedding_profile,Spectral,8,8,8,0,True,0.12005526572465897,1.8719074778959297,0.4606584479244735,0.634855958125315,0.6132264529058116,,998,161
profile_only,pure_tabular_profile,MiniBatchKMeans,9,9,9,0,True,0.16076752543449402,1.6786872943157598,0.45936133063128065,0.580797256208761,0.6332665330661322,,998,33
Temporal_CNN___TCN_embedding_plus_profile,hybrid_embedding_profile,MiniBatchKMeans,5,5,5,0,True,0.14309751987457275,2.073131666452959,0.4436173195969666,0.6089523216035729,0.5671342685370742,,998,161
Temporal_CNN___TCN_embedding_only,sequence_embedding,MiniBatchKMeans,6,6,6,0,True,0.12433882802724838,2.3955524194471476,0.43762187540078307,0.6102514342041289,0.6172344689378757,,998,128
Temporal_CNN___TCN_embedding_plus_profile,hybrid_embedding_profile,MiniBatchKMeans,8,8,8,0,True,0.12289378046989441,2.422916589164585,0.4326190591895855,0.6553830195671411,0.6382765531062125,,998,161
Behavioral_Transformer_MH_2-head_embedding_plus_profile,hybrid_embedding_profile,KMeans,4,4,4,0,True,0.14147703349590302,2.078577704722919,0.43256161529088194,0.663636836222028,0.5320641282565131,,998,161
Temporal_CNN___TCN_embedding_plus_profile,hybrid_embedding_profile,Spectral,7,7,7,0,True,0.10330843925476074,1.9256743774982545,0.43232989563136687,0.6228978505146129,0.5961923847695391,,998,161
Temporal_CNN___TCN_embedding_only,sequence_embedding,MiniBatchKMeans,7,7,7,0,True,0.1445673257112503,2.1484337384922187,0.4289354730591747,0.6185040215420603,0.6392785571142284,,998,128
Temporal_CNN___TCN_embedding_plus_profile,hybrid_embedding_profile,MiniBatchKMeans,6,6,6,0,True,0.14615626633167267,1.9849778283837116,0.4271888510149041,0.5837840688979214,0.5490981963927856,,998,161
Temporal_CNN___TCN_embedding_only,sequence_embedding,Spectral,8,8,8,0,True,0.10493262857198715,2.0826491969688816,0.41425900458460974,0.5530027501362066,0.5480961923847696,,998,128
Temporal_CNN___TCN_embedding_only,sequence_embedding,MiniBatchKMeans,10,10,10,0,True,0.11315230280160904,2.252532966372014,0.4100651050043612,0.6083471756093656,0.6953907815631263,,998,128
Behavioral_Transformer_MH_2-head_embedding_only,sequence_embedding,Spectral,7,7,7,0,True,0.08248105645179749,2.099994879425785,0.40521184985355485,0.5774929579443343,0.5410821643286573,,998,128
Temporal_CNN___TCN_embedding_only,sequence_embedding,MiniBatchKMeans,8,8,8,0,True,0.12619157135486603,2.220926326139677,0.40321946070489234,0.5843723822894658,0.5901803607214429,,998,128
profile_only,pure_tabular_profile,MiniBatchKMeans,11,11,11,0,True,0.19653500616550446,1.5144606592891585,0.3992422504349091,0.5297609369132137,0.5901803607214429,,998,33
Temporal_CNN___TCN_embedding_only,sequence_embedding,Spectral,7,7,7,0,True,0.11022014915943146,2.1132307671020265,0.3973756693729289,0.5230523360628271,0.5080160320641283,,998,128
Temporal_CNN___TCN_embedding_only,sequence_embedding,MiniBatchKMeans,11,11,11,0,True,0.12053391337394714,2.261815916152909,0.39629740559595583,0.5990581269859688,0.6693386773547094,,998,128
Temporal_CNN___TCN_embedding_only,sequence_embedding,MiniBatchKMeans,4,4,4,0,True,0.13033653795719147,2.1785056258217432,0.39346742880512114,0.5835821704185824,0.530060120240481,,998,128
Behavioral_Transformer_MH_2-head_embedding_only,sequence_embedding,MiniBatchKMeans,6,6,6,0,True,0.12403770536184311,2.364050660580546,0.39107075580831624,0.6109075441595103,0.5701402805611222,,998,128
Behavioral_Transformer_MH_2-head_embedding_plus_profile,hybrid_embedding_profile,GMM,5,5,5,0,True,0.08065349608659744,2.3031535716253777,0.39068237748117146,0.5540452361186644,0.5681362725450901,117192.74104801343,998,161
Behavioral_Transformer_MH_2-head_embedding_only,sequence_embedding,Spectral,6,6,6,0,True,0.08764766156673431,2.1730903695995036,0.3905645453954177,0.5842476061698095,0.5410821643286573,,998,128
Behavioral_Transformer_MH_2-head_embedding_only,sequence_embedding,MiniBatchKMeans,11,11,11,0,True,0.08264414221048355,2.584459368185637,0.3877646330293402,0.5655959968789341,0.6613226452905812,,998,128
Temporal_CNN___TCN_embedding_only,sequence_embedding,Spectral,6,6,6,0,True,0.09487701952457428,2.0742700033517245,0.3874950132808559,0.578837814638279,0.5470941883767535,,998,128
Temporal_CNN___TCN_embedding_only,sequence_embedding,KMeans,4,4,4,0,True,0.17282263934612274,1.7495647415695834,0.3850477544286565,0.6493177747785508,0.5410821643286573,,998,128
Temporal_CNN___TCN_embedding_only,sequence_embedding,MiniBatchKMeans,9,9,9,0,True,0.1125386506319046,2.27272600472911,0.3844518441420599,0.6041780395591223,0.6472945891783567,,998,128
Temporal_CNN___TCN_embedding_plus_profile,hybrid_embedding_profile,Spectral,6,6,6,0,True,0.1043941080570221,2.0063957072839584,0.3834694850011991,0.5793697504197496,0.5460921843687375,,998,161
profile_only,pure_tabular_profile,MiniBatchKMeans,12,12,12,0,True,0.18563202023506165,1.6239781659947699,0.38180987443524034,0.5567663188159921,0.6412825651302605,,998,33
Behavioral_Transformer_MH_2-head_embedding_only,sequence_embedding,MiniBatchKMeans,12,12,12,0,True,0.10978322476148605,2.545640404929428,0.37869734128839266,0.6038037920107642,0.6803607214428857,,998,128
Temporal_CNN___TCN_embedding_only,sequence_embedding,GMM,4,4,4,0,True,0.1353732794523239,1.7763403367588644,0.37748860470742307,0.6305749078403925,0.5400801603206413,103063.38438276305,998,128
Temporal_CNN___TCN_embedding_plus_profile,hybrid_embedding_profile,MiniBatchKMeans,9,9,9,0,True,0.10757329314947128,2.33755481236851,0.37647589397226544,0.5814249592724817,0.6002004008016032,,998,161
profile_only,pure_tabular_profile,KMeans,10,10,10,0,True,0.18246105313301086,1.5107705561645717,0.3733341182319227,0.5064417093095773,0.593186372745491,,998,33
Behavioral_Transformer_MH_2-head_embedding_plus_profile,hybrid_embedding_profile,MiniBatchKMeans,4,4,4,0,True,0.13069984316825867,2.012169700196185,0.3705142987452213,0.603266068949673,0.4789579158316633,,998,161
Temporal_CNN___TCN_embedding_plus_profile,hybrid_embedding_profile,KMeans,4,4,4,0,True,0.1402340531349182,1.9890838399309463,0.36837474784548857,0.5883983560591093,0.46993987975951906,,998,161
Temporal_CNN___TCN_embedding_plus_profile,hybrid_embedding_profile,MiniBatchKMeans,4,4,4,0,True,0.14362217485904694,1.9327993947692212,0.36603642596029984,0.6113242538488651,0.4939879759519038,,998,161
profile_only,pure_tabular_profile,KMeans,12,12,12,0,True,0.1964685171842575,1.490145271858599,0.3632155722106263,0.5392576671772802,0.6282565130260521,,998,33
Behavioral_Transformer_MH_2-head_embedding_only,sequence_embedding,KMeans,4,4,4,0,True,0.13019751012325287,2.000892641437329,0.3612502946199981,0.5860743359771513,0.46893787575150303,,998,128
Behavioral_Transformer_MH_2-head_embedding_only,sequence_embedding,Spectral,4,4,4,0,True,0.1396206021308899,1.8313120741871058,0.3594473205066034,0.6100191704131126,0.5400801603206413,,998,128
profile_only,pure_tabular_profile,KMeans,9,9,9,0,True,0.19175072014331818,1.5324684133490358,0.3564155380207868,0.4888703505160561,0.5430861723446894,,998,33
Behavioral_Transformer_MH_2-head_embedding_plus_profile,hybrid_embedding_profile,MiniBatchKMeans,6,6,6,0,True,0.12485320121049881,2.5452310808129956,0.3556559288019939,0.5952475508681743,0.5561122244488977,,998,161
profile_only,pure_tabular_profile,KMeans,11,11,11,0,True,0.20116010308265686,1.465259601394068,0.351928625687652,0.4900429118518816,0.5541082164328658,,998,33
Behavioral_Transformer_MH_2-head_embedding_plus_profile,hybrid_embedding_profile,Spectral,5,5,5,0,True,0.10053107887506485,1.8394989695035195,0.35069520850806735,0.6310864836762307,0.5460921843687375,,998,161
Temporal_CNN___TCN_embedding_only,sequence_embedding,Spectral,5,5,5,0,True,0.10471765697002411,2.013952017297737,0.3479454013904125,0.5495686090401474,0.5080160320641283,,998,128
Temporal_CNN___TCN_embedding_plus_profile,hybrid_embedding_profile,GMM,5,5,5,0,True,0.07475645840167999,2.405291737796535,0.345478764498431,0.5555253499713739,0.5480961923847696,116502.46378386168,998,161
Temporal_CNN___TCN_embedding_plus_profile,hybrid_embedding_profile,Spectral,5,5,5,0,True,0.10326901823282242,2.154656424044804,0.3444621135676386,0.5344879513642475,0.49599198396793587,,998,161
profile_only,pure_tabular_profile,MiniBatchKMeans,5,5,5,0,True,0.17861095070838928,1.8084441752814697,0.34420166743560027,0.530962470589016,0.5480961923847696,,998,33
Temporal_CNN___TCN_embedding_only,sequence_embedding,MiniBatchKMeans,3,3,3,0,True,0.18687181174755096,1.9627640721501243,0.3436829845493658,0.5954303317509128,0.45691382765531063,,998,128
profile_only,pure_tabular_profile,KMeans,6,6,6,0,True,0.18834461271762848,1.5587691374705417,0.34247807725479923,0.5127800588163057,0.5420841683366734,,998,33
Behavioral_Transformer_MH_2-head_embedding_only,sequence_embedding,Spectral,5,5,5,0,True,0.10446397960186005,1.7908513639530725,0.34205834219438913,0.6158471966224315,0.5410821643286573,,998,128
profile_only,pure_tabular_profile,MiniBatchKMeans,8,8,8,0,True,0.19948843121528625,1.6251038429162796,0.33891499836531247,0.5097688364609283,0.5270541082164328,,998,33
profile_only,pure_tabular_profile,MiniBatchKMeans,7,7,7,0,True,0.1895274668931961,1.6761097080795864,0.3385247155246911,0.5477321049412451,0.5370741482965932,,998,33
Temporal_CNN___TCN_embedding_plus_profile,hybrid_embedding_profile,Spectral,4,4,4,0,True,0.14083297550678253,2.1980528980447898,0.33417653129142383,0.5192268670686336,0.45791583166332667,,998,161
Behavioral_Transformer_MH_2-head_embedding_plus_profile,hybrid_embedding_profile,Spectral,4,4,4,0,True,0.12675277888774872,2.253775040682698,0.3329388614919944,0.5131259092433698,0.4559118236472946,,998,161
profile_only,pure_tabular_profile,KMeans,7,7,7,0,True,0.18727760016918182,1.5503140594539917,0.33292527882048,0.4708682553934898,0.531062124248497,,998,33
Temporal_CNN___TCN_embedding_only,sequence_embedding,Spectral,3,3,3,0,True,0.1725170761346817,2.036912098626255,0.32864956802836226,0.5753846635421112,0.46392785571142287,,998,128
Behavioral_Transformer_MH_2-head_embedding_only,sequence_embedding,GMM,4,4,4,0,True,0.09370674937963486,2.4273407132826734,0.32618982377963546,0.5005528453397998,0.5090180360721442,104529.6007310521,998,128
profile_only,pure_tabular_profile,GMM,9,9,9,0,True,0.0906195193529129,2.126693423032127,0.3237620656932877,0.4874358507280948,0.5811623246492986,19405.321831731282,998,33
Behavioral_Transformer_MH_2-head_embedding_plus_profile,hybrid_embedding_profile,Spectral,3,3,3,0,True,0.14431239664554596,2.280504401935076,0.32216156154945197,0.5681350624777335,0.45791583166332667,,998,161
Temporal_CNN___TCN_embedding_only,sequence_embedding,Spectral,4,4,4,0,True,0.11622845381498337,2.228001086687795,0.31857543697313656,0.5020359163930616,0.45691382765531063,,998,128
Behavioral_Transformer_MH_2-head_embedding_plus_profile,hybrid_embedding_profile,GMM,4,4,4,0,True,0.08694728463888168,2.458589535692372,0.3149591501130422,0.48165115343909143,0.49599198396793587,118386.2361529226,998,161
Temporal_CNN___TCN_embedding_plus_profile,hybrid_embedding_profile,Spectral,3,3,3,0,True,0.15153689682483673,2.2230361930360116,0.30915973218029313,0.5395994855443946,0.4468937875751503,,998,161
Temporal_CNN___TCN_embedding_plus_profile,hybrid_embedding_profile,GMM,6,6,6,0,True,0.07479190081357956,3.2124630171937607,0.30795291762638366,0.5103657219897615,0.5380761523046093,115651.25011015567,998,161
profile_only,pure_tabular_profile,GMM,12,12,12,0,True,0.11995057761669159,2.022410195281678,0.30662945682707726,0.5020219774689273,0.6042084168336673,18283.557341856438,998,33
profile_only,pure_tabular_profile,KMeans,8,8,8,0,True,0.1952657699584961,1.4889610773083488,0.30460412370322615,0.4393914295620188,0.5140280561122245,,998,33
profile_only,pure_tabular_profile,Agglomerative,10,10,10,0,True,0.16850189864635468,1.5362061423708542,0.29441514731097634,0.40706198840690766,0.5060120240480962,,998,33
Temporal_CNN___TCN_embedding_plus_profile,hybrid_embedding_profile,MiniBatchKMeans,3,3,3,0,True,0.14740152657032013,2.196865402138997,0.2856302418748038,0.5189581226162882,0.4168336673346693,,998,161
Behavioral_Transformer_MH_2-head_embedding_plus_profile,hybrid_embedding_profile,KMeans,3,3,3,0,True,0.17024745047092438,1.9593450211206698,0.2844775691383522,0.5851703776933362,0.46092184368737477,,998,161
Temporal_CNN___TCN_embedding_plus_profile,hybrid_embedding_profile,GMM,4,4,4,0,True,0.0687432587146759,2.7334271447917233,0.2767600773060492,0.4666139669838684,0.47394789579158314,117308.52021887845,998,161
Temporal_CNN___TCN_embedding_plus_profile,hybrid_embedding_profile,KMeans,3,3,3,0,True,0.1896803081035614,1.8705500862252755,0.27650976757851525,0.5701142199206705,0.45691382765531063,,998,161
Behavioral_Transformer_MH_2-head_embedding_only,sequence_embedding,KMeans,3,3,3,0,True,0.18047155439853668,1.923985837214915,0.2737850038061468,0.5659779399527627,0.45791583166332667,,998,128
Temporal_CNN___TCN_embedding_only,sequence_embedding,KMeans,3,3,3,0,True,0.20049011707305908,1.8348416096310516,0.2726645381002394,0.5629742383447732,0.45490981963927857,,998,128
profile_only,pure_tabular_profile,GMM,11,11,11,0,True,0.11028929054737091,2.1696628608244684,0.26988738080911223,0.44036751241366917,0.5661322645290581,18534.758145714153,998,33
Behavioral_Transformer_MH_2-head_embedding_only,sequence_embedding,MiniBatchKMeans,3,3,3,0,True,0.1819356232881546,1.9154013684002187,0.2696307077434533,0.5605793765746074,0.45791583166332667,,998,128
profile_only,pure_tabular_profile,GMM,8,8,8,0,True,0.1004064679145813,2.2904327517468563,0.2664768208945581,0.4150294123388883,0.5070140280561122,20180.203332895973,998,33
profile_only,pure_tabular_profile,GMM,7,7,7,0,True,0.09513501822948456,2.3375160413249034,0.26215245906713447,0.39402190648162616,0.47194388777555113,20808.83110580303,998,33
Temporal_CNN___TCN_embedding_plus_profile,hybrid_embedding_profile,BayesianGMM,4,3,3,0,True,0.1902964860200882,1.842843839974746,0.2564086575073977,0.5449624150946821,0.45791583166332667,,998,161
profile_only,pure_tabular_profile,KMeans,5,5,5,0,True,0.20057617127895355,1.5077936005104062,0.2522929513633772,0.41539133262108424,0.4559118236472946,,998,33
profile_only,pure_tabular_profile,GMM,10,10,10,0,True,0.09182499349117279,2.164725353846534,0.23453937361767402,0.4357108478719263,0.5480961923847696,18961.13586756106,998,33
Temporal_CNN___TCN_embedding_only,sequence_embedding,GMM,3,3,3,0,True,0.08215110003948212,4.349186950675448,0.23428697500117462,0.3763331564538627,0.4028056112224449,103850.92415662768,998,128
profile_only,pure_tabular_profile,Agglomerative,8,8,8,0,True,0.16578316688537598,1.5671497554027185,0.22478444124359842,0.3582591794691334,0.4759519038076152,,998,33
profile_only,pure_tabular_profile,MiniBatchKMeans,6,6,6,0,True,0.20219942927360535,1.6677667557855125,0.19578824932228106,0.40327604722962,0.45791583166332667,,998,33
Temporal_CNN___TCN_embedding_only,sequence_embedding,GMM,2,2,2,0,True,0.11351846158504486,3.355599222717647,0.1856849567910688,0.33334917426207145,0.35470941883767537,104705.96541123353,998,128
Behavioral_Transformer_MH_2-head_embedding_only,sequence_embedding,GMM,3,3,3,0,True,0.05561524257063866,2.982715120858373,0.18350039488804085,0.3220347015022066,0.43687374749499,105273.0335302043,998,128
Behavioral_Transformer_MH_2-head_embedding_only,sequence_embedding,Spectral,3,3,3,0,True,0.10914772003889084,1.828926708033336,0.17969545971073123,0.4629804169525545,0.45991983967935873,,998,128
Temporal_CNN___TCN_embedding_plus_profile,hybrid_embedding_profile,GMM,3,3,3,0,True,0.07333750277757645,4.3284828870600816,0.17753487790726594,0.30927196043246974,0.375751503006012,118438.57836606033,998,161
Behavioral_Transformer_MH_2-head_embedding_plus_profile,hybrid_embedding_profile,MiniBatchKMeans,3,3,3,0,True,0.11157075315713882,2.504647421213183,0.17621169578154236,0.31652471257213216,0.374749498997996,,998,161
Behavioral_Transformer_MH_2-head_embedding_plus_profile,hybrid_embedding_profile,GMM,3,3,3,0,True,0.05109424144029617,2.8806222768139396,0.16594476487099918,0.3008542992239345,0.4258517034068136,118943.9635326016,998,161
profile_only,pure_tabular_profile,MiniBatchKMeans,4,4,4,0,True,0.15731686353683472,1.6943212196639819,0.16448233489929118,0.3417801911537569,0.3667334669338677,,998,33
profile_only,pure_tabular_profile,Agglomerative,6,6,6,0,True,0.1739560216665268,1.6426074085639881,0.16153264572033613,0.2941049713647923,0.40380761523046094,,998,33
profile_only,pure_tabular_profile,Spectral,8,8,8,0,True,0.1221882626414299,1.5803996302431003,0.1606967792692662,0.343238160232465,0.4188376753507014,,998,33
Temporal_CNN___TCN_embedding_only,sequence_embedding,BayesianGMM,8,4,4,0,True,-0.048907265067100525,2.722808750498796,0.15994038323418117,0.34675497074725925,0.40380761523046094,,998,128
Temporal_CNN___TCN_embedding_only,sequence_embedding,BayesianGMM,5,3,3,0,True,0.003923529293388128,3.164610110148752,0.15886258069562964,0.34457803156635497,0.3997995991983968,,998,128
Temporal_CNN___TCN_embedding_only,sequence_embedding,BayesianGMM,6,3,3,0,True,0.003923529293388128,3.164610110148752,0.15886258069562964,0.34457803156635497,0.3997995991983968,,998,128
Temporal_CNN___TCN_embedding_only,sequence_embedding,BayesianGMM,7,3,3,0,True,0.003923529293388128,3.164610110148752,0.15886258069562964,0.34457803156635497,0.3997995991983968,,998,128
Behavioral_Transformer_MH_2-head_embedding_plus_profile,hybrid_embedding_profile,MiniBatchKMeans,2,2,2,0,True,0.08449965715408325,2.967316484477851,0.15705749994300583,0.3492194024766062,0.26452905811623245,,998,161
Temporal_CNN___TCN_embedding_only,sequence_embedding,BayesianGMM,3,2,2,0,True,0.07074549049139023,3.8956606427533025,0.15411800307415302,0.2745576326579301,0.342685370741483,,998,128
Temporal_CNN___TCN_embedding_only,sequence_embedding,BayesianGMM,4,2,2,0,True,0.07074549049139023,3.8956606427533025,0.15411800307415302,0.2745576326579301,0.342685370741483,,998,128
Behavioral_Transformer_MH_2-head_embedding_plus_profile,hybrid_embedding_profile,BayesianGMM,5,4,4,0,True,-0.018155230209231377,3.112190873374436,0.1512788520625837,0.28118639589080135,0.4258517034068136,,998,161
Behavioral_Transformer_MH_2-head_embedding_only,sequence_embedding,MiniBatchKMeans,4,4,4,0,True,0.09087752550840378,2.631212380460143,0.1502003246897073,0.41741996859842656,0.3897795591182365,,998,128
Temporal_CNN___TCN_embedding_plus_profile,hybrid_embedding_profile,MiniBatchKMeans,2,2,2,0,True,0.10544166713953018,2.829944156982468,0.14925837121646407,0.29950008010479234,0.30561122244488975,,998,161
Behavioral_Transformer_MH_2-head_embedding_plus_profile,hybrid_embedding_profile,BayesianGMM,10,4,4,0,True,-0.03219560161232948,3.1613292049924953,0.13827614079209458,0.2500469159196566,0.4028056112224449,,998,161
Behavioral_Transformer_MH_2-head_embedding_only,sequence_embedding,BayesianGMM,5,3,3,0,True,-0.019128818064928055,3.056984023970621,0.13655178285759553,0.37161007536274754,0.3817635270541082,,998,128
Behavioral_Transformer_MH_2-head_embedding_only,sequence_embedding,BayesianGMM,6,3,3,0,True,-0.019128818064928055,3.056984023970621,0.13655178285759553,0.37161007536274754,0.3817635270541082,,998,128
Behavioral_Transformer_MH_2-head_embedding_only,sequence_embedding,BayesianGMM,7,3,3,0,True,-0.019128818064928055,3.056984023970621,0.13655178285759553,0.37161007536274754,0.3817635270541082,,998,128
Behavioral_Transformer_MH_2-head_embedding_only,sequence_embedding,BayesianGMM,8,3,3,0,True,-0.019128818064928055,3.056984023970621,0.13655178285759553,0.37161007536274754,0.3817635270541082,,998,128
Behavioral_Transformer_MH_2-head_embedding_only,sequence_embedding,BayesianGMM,9,3,3,0,True,-0.020264282822608948,3.060182188547058,0.13538759147836618,0.3697331730448165,0.3807615230460922,,998,128
Behavioral_Transformer_MH_2-head_embedding_only,sequence_embedding,BayesianGMM,11,5,5,0,True,-0.13272912800312042,2.321516984557207,0.13458900482270278,0.37226683424084317,0.38577154308617234,,998,128
Behavioral_Transformer_MH_2-head_embedding_only,sequence_embedding,GMM,2,2,2,0,True,0.12601135671138763,3.7988405643567105,0.1326619954005737,0.20684386353098175,0.35671342685370744,106481.98064310981,998,128
profile_only,pure_tabular_profile,GMM,6,6,6,0,True,0.09395093470811844,2.2470639929908036,0.1272375766222085,0.256786251116957,0.3927855711422846,22060.07895579021,998,33
profile_only,pure_tabular_profile,GMM,3,3,3,0,True,0.04259057343006134,3.112085524855466,0.1271626896128724,0.21565992663811998,0.3717434869739479,25958.998367877623,998,33
Behavioral_Transformer_MH_2-head_embedding_only,sequence_embedding,BayesianGMM,3,2,2,0,True,0.05993546172976494,4.087241701609773,0.12454039578545836,0.21126363416344995,0.3376753507014028,,998,128
Temporal_CNN___TCN_embedding_only,sequence_embedding,MiniBatchKMeans,2,2,2,0,True,0.1703978031873703,1.9754932956885125,0.12288102470552106,0.348003596363402,0.2835671342685371,,998,128
profile_only,pure_tabular_profile,BayesianGMM,8,7,7,0,True,-0.0013872277922928333,2.205029797803765,0.11911416035622964,0.3162532808394255,0.4278557114228457,,998,33
profile_only,pure_tabular_profile,Spectral,7,7,7,0,True,0.1986968070268631,1.4819670548840327,0.11701959035895355,0.2851510101410548,0.3717434869739479,,998,33
profile_only,pure_tabular_profile,GMM,4,4,4,0,True,0.04066909849643707,2.9213177766116214,0.11627285801439102,0.20637335914096644,0.36172344689378755,23942.84144115185,998,33
profile_only,pure_tabular_profile,BayesianGMM,9,8,8,0,True,-0.02823682874441147,1.93323896318896,0.11468659427884392,0.3528773677342259,0.4438877755511022,,998,33
Behavioral_Transformer_MH_2-head_embedding_plus_profile,hybrid_embedding_profile,GMM,2,2,2,0,True,0.13514606654644012,3.6220915361400623,0.11414339156194404,0.18067798249421863,0.3496993987975952,120059.40506064579,998,161
Behavioral_Transformer_MH_2-head_embedding_only,sequence_embedding,MiniBatchKMeans,2,2,2,0,True,0.2586990296840668,1.9255774374917751,0.10922404620786724,0.34766082455653485,0.37675350701402804,,998,128
Behavioral_Transformer_MH_2-head_embedding_plus_profile,hybrid_embedding_profile,BayesianGMM,6,3,3,0,True,-0.010175053961575031,3.355425653630523,0.1090801080364345,0.19330881835383526,0.36072144288577157,,998,161
Behavioral_Transformer_MH_2-head_embedding_plus_profile,hybrid_embedding_profile,KMeans,2,2,2,0,True,0.24275082349777222,1.8928467429624574,0.10904026672198545,0.35072897695178973,0.37675350701402804,,998,161
Behavioral_Transformer_MH_2-head_embedding_plus_profile,hybrid_embedding_profile,BayesianGMM,8,3,3,0,True,-0.010205985978245735,3.365132308005735,0.10887223813379292,0.19272349389187787,0.36072144288577157,,998,161
Behavioral_Transformer_MH_2-head_embedding_plus_profile,hybrid_embedding_profile,BayesianGMM,7,3,3,0,True,-0.010833092033863068,3.3632052106727115,0.10815567369286361,0.19257777791459532,0.35971943887775554,,998,161
Behavioral_Transformer_MH_2-head_embedding_plus_profile,hybrid_embedding_profile,BayesianGMM,12,3,3,0,True,-0.010833092033863068,3.3632052106727115,0.10815567369286361,0.19257777791459532,0.35971943887775554,,998,161
profile_only,pure_tabular_profile,BayesianGMM,12,9,9,0,True,-0.061228033155202866,1.9045102750688032,0.10554124579672662,0.36514604239576,0.4619238476953908,,998,33
Behavioral_Transformer_MH_2-head_embedding_only,sequence_embedding,KMeans,2,2,2,0,True,0.25831374526023865,1.8923111480136805,0.10393409868043368,0.33634781733027547,0.37374749498997994,,998,128
Behavioral_Transformer_MH_2-head_embedding_plus_profile,hybrid_embedding_profile,Spectral,2,2,2,0,True,0.2364007830619812,1.8683730982320048,0.10393409868043368,0.33634781733027547,0.37374749498997994,,998,161
Temporal_CNN___TCN_embedding_only,sequence_embedding,Spectral,2,2,2,0,True,0.22389623522758484,1.838360857255013,0.10393409868043368,0.33634781733027547,0.37374749498997994,,998,128
Temporal_CNN___TCN_embedding_plus_profile,hybrid_embedding_profile,KMeans,2,2,2,0,True,0.2148100733757019,1.8346109875224597,0.10393409868043368,0.33634781733027547,0.37374749498997994,,998,161
Temporal_CNN___TCN_embedding_plus_profile,hybrid_embedding_profile,Spectral,2,2,2,0,True,0.2148100733757019,1.8346109875224597,0.10393409868043368,0.33634781733027547,0.37374749498997994,,998,161
Behavioral_Transformer_MH_2-head_embedding_only,sequence_embedding,Spectral,2,2,2,0,True,0.2514576017856598,1.8696277582197949,0.10060613274764285,0.3286645845621111,0.3717434869739479,,998,128
Temporal_CNN___TCN_embedding_only,sequence_embedding,KMeans,2,2,2,0,True,0.22319726645946503,1.8215651136957662,0.10060613274764285,0.3286645845621111,0.3717434869739479,,998,128
profile_only,pure_tabular_profile,BayesianGMM,11,10,10,0,True,-0.09299074858427048,1.803081313066857,0.10001946929850129,0.37248713605401196,0.4709418837675351,,998,33
Temporal_CNN___TCN_embedding_plus_profile,hybrid_embedding_profile,HDBSCAN,2,2,3,1,True,0.0821993350982666,3.5036985468324566,0.09747135249692232,0.21966893111658148,0.3627254509018036,,998,161
Behavioral_Transformer_MH_2-head_embedding_plus_profile,hybrid_embedding_profile,BayesianGMM,2,2,2,0,True,0.06447398662567139,4.338060225485831,0.09518754740049959,0.1326285312315932,0.32665330661322645,,998,161
Behavioral_Transformer_MH_2-head_embedding_plus_profile,hybrid_embedding_profile,BayesianGMM,3,2,2,0,True,0.06447398662567139,4.338060225485831,0.09518754740049959,0.1326285312315932,0.32665330661322645,,998,161
profile_only,pure_tabular_profile,GMM,5,5,5,0,True,0.07387302815914154,2.720109245364474,0.09502909532324184,0.2105561255273351,0.3396793587174349,22745.67551636965,998,33
Behavioral_Transformer_MH_2-head_embedding_plus_profile,hybrid_embedding_profile,BayesianGMM,4,2,2,0,True,0.06344689428806305,4.34906878535468,0.09364650986381852,0.13117465696536426,0.3246492985971944,,998,161
profile_only,pure_tabular_profile,HDBSCAN,4,4,5,1,True,0.0442718006670475,2.5296920695509195,0.09286640843423279,0.19048957205715208,0.34769539078156314,,998,33
Temporal_CNN___TCN_embedding_plus_profile,hybrid_embedding_profile,GMM,2,2,2,0,True,0.05801559239625931,4.586283507749261,0.08906839580581428,0.11977120444050794,0.32064128256513025,118990.8424936187,998,161
profile_only,pure_tabular_profile,BayesianGMM,5,5,5,0,True,-0.008213169872760773,2.575724344133767,0.08881308733629693,0.27489078294210495,0.35370741482965934,,998,33
Temporal_CNN___TCN_embedding_plus_profile,hybrid_embedding_profile,BayesianGMM,5,4,4,0,True,-0.05328640341758728,2.7795038208318767,0.08843367279656701,0.261160917553264,0.3817635270541082,,998,161
Temporal_CNN___TCN_embedding_plus_profile,hybrid_embedding_profile,BayesianGMM,9,4,4,0,True,-0.05328640341758728,2.779503820831877,0.08843367279656701,0.261160917553264,0.3817635270541082,,998,161
Temporal_CNN___TCN_embedding_plus_profile,hybrid_embedding_profile,BayesianGMM,7,4,4,0,True,-0.05347906053066254,2.779299564074256,0.08749123945300173,0.26025840073264855,0.3807615230460922,,998,161
Temporal_CNN___TCN_embedding_plus_profile,hybrid_embedding_profile,BayesianGMM,3,2,2,0,True,0.04111761227250099,4.555803207075567,0.08635150130729367,0.12852352578368711,0.3156312625250501,,998,161
profile_only,pure_tabular_profile,BayesianGMM,7,6,6,0,True,-0.0018715308979153633,2.382505785193928,0.0829414972010417,0.22786405771645904,0.35470941883767537,,998,33
Behavioral_Transformer_MH_2-head_embedding_only,sequence_embedding,BayesianGMM,4,2,2,0,True,-0.02817552536725998,3.7871985601550393,0.08084103748518776,0.26192427370050253,0.2995991983967936,,998,128
profile_only,pure_tabular_profile,KMeans,4,4,4,0,True,0.1947930008172989,1.5433268789350398,0.07769125774783203,0.206391308627613,0.2935871743486974,,998,33
profile_only,pure_tabular_profile,KMeans,3,3,3,0,True,0.1804487556219101,1.8433936863164302,0.07726370684160816,0.21519430066885986,0.2955911823647295,,998,33
profile_only,pure_tabular_profile,MiniBatchKMeans,3,3,3,0,True,0.1804487556219101,1.8433936863164302,0.07726370684160816,0.21519430066885986,0.2955911823647295,,998,33
profile_only,pure_tabular_profile,Spectral,6,6,6,0,True,0.1956188827753067,1.549627865851672,0.07236301461969025,0.19438730059991907,0.2925851703406814,,998,33
Behavioral_Transformer_MH_2-head_embedding_only,sequence_embedding,BayesianGMM,12,4,4,0,True,-0.15126556158065796,2.4715218925788704,0.07049143558069208,0.2786207853870108,0.33266533066132264,,998,128
profile_only,pure_tabular_profile,Spectral,5,5,5,0,True,0.17983610928058624,1.7608036584687727,0.06957834325527619,0.1952069812451534,0.2905811623246493,,998,33
profile_only,pure_tabular_profile,Spectral,4,4,4,0,True,0.15658296644687653,1.7232309335944243,0.06445515184548022,0.1976746097818915,0.2905811623246493,,998,33
Behavioral_Transformer_MH_2-head_embedding_only,sequence_embedding,BayesianGMM,10,4,4,0,True,-0.10832209885120392,2.721149277370726,0.06363742034892018,0.2942027499775145,0.35671342685370744,,998,128
profile_only,pure_tabular_profile,BayesianGMM,6,5,5,0,True,0.008856164291501045,2.584096248673132,0.060988912858919005,0.11802644485004123,0.27955911823647295,,998,33
profile_only,pure_tabular_profile,MiniBatchKMeans,2,2,2,0,True,0.3221500515937805,1.2325203407288987,0.05965937621226383,0.23348464406825623,0.2865731462925852,,998,33
profile_only,pure_tabular_profile,BayesianGMM,4,4,4,0,True,0.11923322826623917,2.676689591870019,0.05831690740106946,0.15001597434934463,0.27655310621242485,,998,33
profile_only,pure_tabular_profile,BayesianGMM,10,8,8,0,True,-0.09354949742555618,2.0789818854189965,0.056777811724952054,0.2436029241412069,0.3657314629258517,,998,33
profile_only,pure_tabular_profile,KMeans,2,2,2,0,True,0.3634471297264099,1.0645118672273723,0.050378521824618896,0.22867984959569077,0.2865731462925852,,998,33
Temporal_CNN___TCN_embedding_only,sequence_embedding,BayesianGMM,10,5,5,0,True,-0.1497468203306198,1.9442904853537126,0.041685578089570574,0.21657745788186103,0.3066132264529058,,998,128
Behavioral_Transformer_MH_2-head_embedding_plus_profile,hybrid_embedding_profile,BayesianGMM,9,4,4,0,True,-0.20429103076457977,1.9059726649335897,0.040751849530262146,0.2149730725366702,0.3046092184368738,,998,161
Behavioral_Transformer_MH_2-head_embedding_plus_profile,hybrid_embedding_profile,BayesianGMM,11,4,4,0,True,-0.20429103076457977,1.90597266493359,0.040751849530262146,0.2149730725366702,0.3046092184368738,,998,161
profile_only,pure_tabular_profile,BayesianGMM,3,3,3,0,True,0.2822713851928711,3.039734090647824,0.03896956444397206,0.16057163447973058,0.27655310621242485,,998,33
Temporal_CNN___TCN_embedding_only,sequence_embedding,BayesianGMM,12,4,4,0,True,-0.12393095344305038,2.708640979481317,0.035922957256571166,0.2524469727824495,0.32965931863727455,,998,128
profile_only,pure_tabular_profile,Spectral,3,3,3,0,True,0.12179799377918243,1.8842642374731209,0.03424785430169247,0.08856335212051718,0.22244488977955912,,998,33
Temporal_CNN___TCN_embedding_only,sequence_embedding,HDBSCAN,2,2,3,1,True,-0.08131694793701172,3.055694136620261,0.02669189232443709,0.16965127377815262,0.2895791583166333,,998,128
Temporal_CNN___TCN_embedding_plus_profile,hybrid_embedding_profile,BayesianGMM,11,7,7,0,True,-0.24373948574066162,1.736729866610341,0.02299793346274079,0.1600217561644511,0.2785571142284569,,998,161
profile_only,pure_tabular_profile,Spectral,2,2,2,0,True,0.11182333528995514,2.527460425311117,0.022938604345693805,0.05692922646555387,0.20841683366733466,,998,33
Behavioral_Transformer_MH_2-head_embedding_only,sequence_embedding,HDBSCAN,2,2,3,1,True,-0.11544514447450638,3.287051281258218,0.02281215917062408,0.16848850300902277,0.2755511022044088,,998,128
Temporal_CNN___TCN_embedding_plus_profile,hybrid_embedding_profile,BayesianGMM,6,5,5,0,True,-0.19709086418151855,1.7548523523483652,0.022230578872618655,0.1535857790686151,0.2755511022044088,,998,161
Temporal_CNN___TCN_embedding_plus_profile,hybrid_embedding_profile,BayesianGMM,8,5,5,0,True,-0.19709086418151855,1.7548523523483652,0.022230578872618655,0.1535857790686151,0.2755511022044088,,998,161
Temporal_CNN___TCN_embedding_plus_profile,hybrid_embedding_profile,BayesianGMM,10,6,6,0,True,-0.24323640763759613,1.7786321944466377,0.02183224815721483,0.1543268871497098,0.2755511022044088,,998,161
Temporal_CNN___TCN_embedding_plus_profile,hybrid_embedding_profile,BayesianGMM,12,6,6,0,True,-0.24323640763759613,1.7786321944466377,0.02183224815721483,0.15432688714970977,0.2755511022044088,,998,161
Temporal_CNN___TCN_embedding_only,sequence_embedding,BayesianGMM,9,5,5,0,True,-0.1970253884792328,1.9325005374014164,0.02047326256029127,0.14569423995544262,0.2725450901803607,,998,128
Temporal_CNN___TCN_embedding_only,sequence_embedding,BayesianGMM,11,5,5,0,True,-0.18753115832805634,1.8327633618659476,0.019747542520230272,0.1418366762052811,0.27054108216432865,,998,128
Behavioral_Transformer_MH_2-head_embedding_plus_profile,hybrid_embedding_profile,HDBSCAN,2,2,3,1,True,-0.09218816459178925,3.04591865912384,0.018532615908977687,0.16756581234084214,0.28557114228456915,,998,161
profile_only,pure_tabular_profile,GMM,2,2,2,0,True,0.1952442228794098,5.141891620989167,0.006937097143220112,0.022629754793128055,0.22144288577154309,28006.556608032926,998,33
profile_only,pure_tabular_profile,BayesianGMM,2,2,2,0,True,0.276021271944046,4.000985037345176,0.006015491394846736,0.02540310807060393,0.21943887775551102,,998,33
profile_only,pure_tabular_profile,DBSCAN_eps1.5,7,7,8,1,True,-0.2561851441860199,1.7903334041787402,0.003962531814218002,0.19415947469639988,0.3016032064128257,,998,33
profile_only,pure_tabular_profile,Birch,964,964,964,0,True,0.015912523493170738,0.16936395550565478,0.0010000663165449237,0.4841627317483387,1.0,,998,33
Behavioral_Transformer_MH_2-head_embedding_only,sequence_embedding,Birch,998,998,998,0,False,,,0.0,0.48162100425938315,1.0,,998,128
Behavioral_Transformer_MH_2-head_embedding_plus_profile,hybrid_embedding_profile,Birch,998,998,998,0,False,,,0.0,0.48162100425938315,1.0,,998,161
Temporal_CNN___TCN_embedding_only,sequence_embedding,Birch,998,998,998,0,False,,,0.0,0.48162100425938315,1.0,,998,128
Temporal_CNN___TCN_embedding_plus_profile,hybrid_embedding_profile,Birch,998,998,998,0,False,,,0.0,0.48162100425938315,1.0,,998,161
Behavioral_Transformer_MH_2-head_embedding_only,sequence_embedding,BayesianGMM,2,1,1,0,False,,,0.0,0.0,0.20040080160320642,,998,128
Behavioral_Transformer_MH_2-head_embedding_only,sequence_embedding,DBSCAN_eps0.5,0,0,1,1,False,,,0.0,0.0,0.20040080160320642,,998,128
Behavioral_Transformer_MH_2-head_embedding_only,sequence_embedding,DBSCAN_eps1.0,0,0,1,1,False,,,0.0,0.0,0.20040080160320642,,998,128
Behavioral_Transformer_MH_2-head_embedding_only,sequence_embedding,DBSCAN_eps1.5,0,0,1,1,False,,,0.0,0.0,0.20040080160320642,,998,128
Behavioral_Transformer_MH_2-head_embedding_plus_profile,hybrid_embedding_profile,DBSCAN_eps0.5,0,0,1,1,False,,,0.0,0.0,0.20040080160320642,,998,161
Behavioral_Transformer_MH_2-head_embedding_plus_profile,hybrid_embedding_profile,DBSCAN_eps1.0,0,0,1,1,False,,,0.0,0.0,0.20040080160320642,,998,161
Behavioral_Transformer_MH_2-head_embedding_plus_profile,hybrid_embedding_profile,DBSCAN_eps1.5,0,0,1,1,False,,,0.0,0.0,0.20040080160320642,,998,161
Temporal_CNN___TCN_embedding_only,sequence_embedding,BayesianGMM,2,1,1,0,False,,,0.0,0.0,0.20040080160320642,,998,128
Temporal_CNN___TCN_embedding_only,sequence_embedding,DBSCAN_eps0.5,0,0,1,1,False,,,0.0,0.0,0.20040080160320642,,998,128
Temporal_CNN___TCN_embedding_only,sequence_embedding,DBSCAN_eps1.0,0,0,1,1,False,,,0.0,0.0,0.20040080160320642,,998,128
Temporal_CNN___TCN_embedding_only,sequence_embedding,DBSCAN_eps1.5,0,0,1,1,False,,,0.0,0.0,0.20040080160320642,,998,128
Temporal_CNN___TCN_embedding_plus_profile,hybrid_embedding_profile,BayesianGMM,2,1,1,0,False,,,0.0,0.0,0.20040080160320642,,998,161
Temporal_CNN___TCN_embedding_plus_profile,hybrid_embedding_profile,DBSCAN_eps0.5,0,0,1,1,False,,,0.0,0.0,0.20040080160320642,,998,161
Temporal_CNN___TCN_embedding_plus_profile,hybrid_embedding_profile,DBSCAN_eps1.0,0,0,1,1,False,,,0.0,0.0,0.20040080160320642,,998,161
Temporal_CNN___TCN_embedding_plus_profile,hybrid_embedding_profile,DBSCAN_eps1.5,0,0,1,1,False,,,0.0,0.0,0.20040080160320642,,998,161
profile_only,pure_tabular_profile,DBSCAN_eps0.5,0,0,1,1,False,,,0.0,0.0,0.20040080160320642,,998,33
profile_only,pure_tabular_profile,DBSCAN_eps1.0,0,0,1,1,False,,,0.0,0.0,0.20040080160320642,,998,33
