from_action,to_action,count,probability
Connexion,Validation MFA,3402,0.4055793991416309
Changer ses informations personnel,Changer ses informations personnel,1076,0.29888888888888887
Changer ses informations personnel,Déconnexion,1049,0.29138888888888886
Régénération code MFA,Validation MFA,981,1.0
Connexion,Sélection email MFA,981,0.11695278969957082
Sélection email MFA,Régénération code MFA,981,1.0
Signature électronique d'un mandat sepa,SSO Disconnect,969,0.25614591593973035
Signature électronique d'un mandat sepa,Signature électronique d'un mandat sepa,940,0.2484800422944753
Exporter remboursement,Déconnexion,874,0.24585091420534458
Exporter remboursement,Exporter remboursement,851,0.23938115330520393
Connexion en tant que,Signature électronique d'un mandat sepa,658,0.2989550204452522
Envoi d'un document,Déconnexion,622,0.22792231586661782
Exporter remboursement,SSO Disconnect,594,0.1670886075949367
Validation MFA,Changer ses informations personnel,551,0.12571298197581565
Connexion SSO,Exporter remboursement,547,0.13925661914460286
Changer l'organisme de rattachement sécu. Social,SSO Disconnect,533,0.25478011472275336
Ouverture d'un document contractuel,Déconnexion,524,0.22654561175961954
Changer l'organisme de rattachement sécu. Social,Signature électronique d'un mandat sepa,519,0.24808795411089865
Connexion,Changer ses informations personnel,503,0.05996661897949451
Télécharger un décompte,Déconnexion,491,0.2277365491651206
Signature électronique d'un mandat sepa,Changer l'organisme de rattachement sécu. Social,487,0.12873380914618027
Envoi d'un document,Envoi d'un document,468,0.1714913887871015
Changement de Mot de passe,Déconnexion,457,0.2858036272670419
Téléchargement de la carte de tiers payant,Déconnexion,456,0.24345969033635878
Changement de Mot de passe,Changer ses informations personnel,451,0.28205128205128205
Changer ses informations personnel,Changement de Mot de passe,446,0.1238888888888889
Validation MFA,Exporter remboursement,443,0.10107232489162674
Exporter remboursement,Télécharger un décompte,438,0.12320675105485232
Changer l'organisme de rattachement sécu. Social,Changer l'organisme de rattachement sécu. Social,437,0.20889101338432123
Télécharger un décompte,Exporter remboursement,422,0.19573283858998144
Téléchargement de la carte de tiers payant,Téléchargement de la carte de tiers payant,397,0.21195942338494395
Envoi d'un document,SSO Disconnect,395,0.14474166361304508
Changer les coordonnées bancaire,SSO Disconnect,388,0.20693333333333333
Connexion en tant que,Changer l'organisme de rattachement sécu. Social,385,0.17492049068605178
Signature électronique d'un mandat sepa,Déconnexion,385,0.10177108115252445
Connexion,Exporter remboursement,384,0.045779685264663805
Envoi d'un document,Ouverture d'un document contractuel,363,0.1330157566874313
Ouverture d'un document contractuel,Ouverture d'un document contractuel,360,0.1556420233463035
Partager un justificatif du PACS,Déconnexion,350,0.23793337865397687
Ouverture d'un document contractuel,SSO Disconnect,343,0.14829226113272806
Validation MFA,Envoi d'un document,340,0.07757243896874287
Ouverture d'un document contractuel,Envoi d'un document,331,0.14310419368785127
Téléchargement de la carte de tiers payant,SSO Disconnect,327,0.17458622530699414
Télécharger un décompte,SSO Disconnect,324,0.150278293135436
Télécharger un décompte,Télécharger un décompte,313,0.14517625231910947
Signature électronique d'un mandat sepa,Changer les coordonnées bancaire,301,0.0795664816283373
Changer les coordonnées bancaire,Signature électronique d'un mandat sepa,297,0.1584
Validation MFA,Ouverture d'un document contractuel,296,0.0675336527492585
Connexion SSO,Télécharger un décompte,293,0.07459266802443992
Connexion SSO,Changer ses informations personnel,291,0.07408350305498981
Changer ses informations personnel,SSO Disconnect,284,0.07888888888888888
Changer les coordonnées bancaire,Déconnexion,281,0.14986666666666668
Connexion SSO,Signature électronique d'un mandat sepa,280,0.07128309572301425
Changer les coordonnées bancaire,Changer les coordonnées bancaire,278,0.14826666666666666
Connexion SSO,Téléchargement de la carte de tiers payant,276,0.07026476578411406
Connexion,Envoi d'un document,275,0.03278493085360038
Validation MFA,Signature électronique d'un mandat sepa,260,0.059320100387862194
Validation MFA,Télécharger un décompte,252,0.057494866529774126
Connexion SSO,Envoi d'un document,250,0.06364562118126273
Validation MFA,Changement de Mot de passe,243,0.055441478439425054
Connexion,Téléchargement de la carte de tiers payant,243,0.028969957081545063
Envoi d'une réclamation,Déconnexion,239,0.26853932584269663
Téléchargement carte TP,Déconnexion,239,0.22547169811320755
Connexion,Télécharger un décompte,237,0.028254649499284693
Télécharger le certificat d'adhésion,Déconnexion,234,0.19663865546218487
Connexion,Ouverture d'un document contractuel,234,0.027896995708154508
Connexion en tant que,Changer les coordonnées bancaire,232,0.10540663334847797
Partager un justificatif du PACS,Envoi d'un document,232,0.15771583956492183
Renvoi carte TP papier,Déconnexion,228,0.21033210332103322
envoi d'une demande de résiliation,envoi d'une demande de résiliation,223,0.3149717514124294
Connexion,Connexion,221,0.026347162613257032
Télécharger le certificat d'adhésion,Exporter remboursement,220,0.18487394957983194
Changer l'organisme de rattachement sécu. Social,Déconnexion,219,0.10468451242829828
Connexion SSO,Ouverture d'un document contractuel,218,0.0554989816700611
Changement de Mot de passe,Changement de Mot de passe,217,0.1357098186366479
"Changer les coordonnées bancaire, changement de RIB pour les cotisations",SSO Disconnect,215,0.18892794376098418
envoi d'une demande de résiliation,Déconnexion,212,0.2994350282485876
Connexion,Changement de Mot de passe,210,0.02503576537911302
Envoi d'un document,Partager un justificatif du PACS,208,0.07621839501648955
Partager un justificatif du PACS,SSO Disconnect,205,0.13936097892590074
Exporter remboursement,Télécharger le certificat d'adhésion,202,0.05682137834036568
"Changer les coordonnées bancaire, changement de RIB pour les remboursements",SSO Disconnect,199,0.2034764826175869
Signature électronique d'un mandat sepa,"Changer les coordonnées bancaire, changement de RIB pour les cotisations",198,0.052339413164155434
Validation MFA,Téléchargement de la carte de tiers payant,194,0.04426192105863564
Partager un justificatif du PACS,Ouverture d'un document contractuel,194,0.1318830727396329
Envoi d'une réclamation,Envoi d'une réclamation,193,0.21685393258426966
"Changer les coordonnées bancaire, changement de RIB pour les cotisations",Changer les coordonnées bancaire,185,0.1625659050966608
Validation MFA,Partager un justificatif du PACS,183,0.04175222450376454
Téléchargement carte TP,Téléchargement de la carte de tiers payant,179,0.16886792452830188
Ouverture d'un document contractuel,Partager un justificatif du PACS,173,0.07479463899697363
Téléchargement de la carte de tiers payant,Téléchargement carte TP,173,0.09236518953550454
Télécharger le certificat d'adhésion,SSO Disconnect,173,0.1453781512605042
Envoi carte TP par mail,Déconnexion,172,0.20187793427230047
"Changer les coordonnées bancaire, changement de RIB pour les cotisations",Déconnexion,171,0.15026362038664323
Téléchargement carte TP,SSO Disconnect,169,0.15943396226415094
"Changer les coordonnées bancaire, changement de RIB pour les cotisations",Signature électronique d'un mandat sepa,165,0.14499121265377857
Connexion,Partager un justificatif du PACS,163,0.019432522651406773
Connexion SSO,Téléchargement carte TP,162,0.04124236252545825
Renvoi carte TP papier,SSO Disconnect,159,0.1466789667896679
Partager un justificatif du PACS,Partager un justificatif du PACS,159,0.10808973487423522
Connexion SSO,Partager un justificatif du PACS,158,0.040224032586558045
"Changer les coordonnées bancaire, changement de RIB pour les remboursements",Déconnexion,154,0.1574642126789366
Connexion SSO,Télécharger le certificat d'adhésion,153,0.03895112016293279
Changer les coordonnées bancaire,"Changer les coordonnées bancaire, changement de RIB pour les remboursements",150,0.08
Téléchargement carte TP,Téléchargement carte TP,150,0.14150943396226415
Connexion en tant que,"Changer les coordonnées bancaire, changement de RIB pour les cotisations",148,0.06724216265333939
Validation MFA,Changer l'organisme de rattachement sécu. Social,148,0.03376682637462925
Changer ses informations personnel,Exporter remboursement,147,0.04083333333333333
"Changer les coordonnées bancaire, changement de RIB pour les remboursements",Signature électronique d'un mandat sepa,147,0.15030674846625766
Validation MFA,Changer les coordonnées bancaire,147,0.03353867214236824
Changer les coordonnées bancaire,"Changer les coordonnées bancaire, changement de RIB pour les cotisations",146,0.07786666666666667
Connexion SSO,Changer les coordonnées bancaire,144,0.03665987780040733
Validation MFA,Envoi d'une réclamation,140,0.03194159251654118
Connexion,Signature électronique d'un mandat sepa,139,0.016571292322365285
Validation MFA,Télécharger le certificat d'adhésion,138,0.03148528405201916
Envoi d'un message,Déconnexion,137,0.3030973451327434
Validation MFA,Téléchargement carte TP,134,0.03057266712297513
Renvoi carte TP papier,Téléchargement de la carte de tiers payant,133,0.12269372693726938
Signature électronique d'un mandat sepa,"Changer les coordonnées bancaire, changement de RIB pour les remboursements",132,0.034892942109436956
Changement de Mot de passe,SSO Disconnect,129,0.08067542213883677
Télécharger le certificat d'adhésion,Télécharger le certificat d'adhésion,128,0.10756302521008404
demander un renvoi par mail d'échéancier,Déconnexion,128,0.25806451612903225
Connexion SSO,Renvoi carte TP papier,128,0.032586558044806514
Connexion en tant que,"Changer les coordonnées bancaire, changement de RIB pour les remboursements",126,0.05724670604270786
"Changer les coordonnées bancaire, changement de RIB pour les remboursements",Changer les coordonnées bancaire,126,0.12883435582822086
Connexion SSO,Changer l'organisme de rattachement sécu. Social,123,0.03131364562118126
Validation MFA,envoi d'une demande de résiliation,123,0.02806297056810404
Connexion,Changer les coordonnées bancaire,121,0.014425369575584168
Renvoi carte TP papier,Renvoi carte TP papier,120,0.11070110701107011
Connexion en tant que,Envoi d'un document,119,0.05406633348477965
Téléchargement de la carte de tiers payant,Renvoi carte TP papier,119,0.06353443673251469
Envoi carte TP par mail,SSO Disconnect,118,0.13849765258215962
Télécharger un décompte,Télécharger le certificat d'adhésion,116,0.05380333951762523
Connexion SSO,Changement de Mot de passe,115,0.029276985743380855
Envoi d'une réclamation,SSO Disconnect,113,0.12696629213483146
Connexion,Téléchargement carte TP,113,0.013471626132570339
"Changer les coordonnées bancaire, changement de RIB pour les cotisations","Changer les coordonnées bancaire, changement de RIB pour les cotisations",111,0.09753954305799649
Connexion SSO,Envoi d'une réclamation,111,0.028258655804480653
Connexion,Renvoi carte TP papier,109,0.012994754411063424
Connexion,Envoi d'une réclamation,109,0.012994754411063424
Connexion,Télécharger le certificat d'adhésion,107,0.012756318550309967
Exporter remboursement,Changer ses informations personnel,106,0.02981715893108298
envoi d'une demande de résiliation,SSO Disconnect,104,0.14689265536723164
Télécharger le certificat d'adhésion,Télécharger un décompte,103,0.0865546218487395
Validation MFA,Déconnexion,101,0.02304357745836185
Validation MFA,Renvoi carte TP papier,98,0.022359114761578827
demander un renvoi par mail d'échéancier,Envoi d'une réclamation,97,0.19556451612903225
Envoi carte TP par mail,Téléchargement de la carte de tiers payant,96,0.11267605633802817
Connexion en tant que,Ouverture d'un document contractuel,96,0.04361653793730123
Connexion SSO,envoi d'une demande de résiliation,95,0.024185336048879836
Envoi d'une réclamation,demander un renvoi par mail d'échéancier,95,0.10674157303370786
Envoi carte TP par mail,Envoi carte TP par mail,95,0.11150234741784038
Téléchargement de la carte de tiers payant,Envoi carte TP par mail,94,0.05018686599038975
Connexion,Envoi carte TP par mail,91,0.010848831664282308
Connexion,Changer l'organisme de rattachement sécu. Social,91,0.010848831664282308
Contactez nous : via message (Mes remboursements),Déconnexion,90,0.30927835051546393
Connexion,envoi d'une demande de résiliation,90,0.01072961373390558
"Changer les coordonnées bancaire, changement de RIB pour les cotisations","Changer les coordonnées bancaire, changement de RIB pour les remboursements",88,0.0773286467486819
"Changer les coordonnées bancaire, changement de RIB pour les remboursements","Changer les coordonnées bancaire, changement de RIB pour les remboursements",87,0.08895705521472393
Validation MFA,Envoi carte TP par mail,87,0.019849418206707735
Envoi d'un document,Changer ses informations personnel,86,0.031513374862587026
Connexion SSO,"Changer les coordonnées bancaire, changement de RIB pour les cotisations",86,0.02189409368635438
Changer ses informations personnel,Envoi d'un document,85,0.02361111111111111
Télécharger un décompte,Changer ses informations personnel,85,0.03942486085343228
Changer ses informations personnel,Ouverture d'un document contractuel,85,0.02361111111111111
Connexion SSO,Envoi carte TP par mail,85,0.021639511201629328
Connexion en tant que,Partager un justificatif du PACS,82,0.0372557928214448
Validation MFA,"Changer les coordonnées bancaire, changement de RIB pour les cotisations",82,0.018708647045402694
Validation MFA,"Changer les coordonnées bancaire, changement de RIB pour les remboursements",79,0.018024184348619667
Changer les coordonnées bancaire,Changer l'organisme de rattachement sécu. Social,79,0.042133333333333335
Téléchargement carte TP,Renvoi carte TP papier,78,0.07358490566037736
Ouverture d'un document contractuel,Changer ses informations personnel,76,0.03285776048421963
Signature électronique d'un mandat sepa,Envoi d'un document,76,0.020089875759978854
Changer ses informations personnel,Télécharger un décompte,76,0.021111111111111112
Connexion,"Changer les coordonnées bancaire, changement de RIB pour les remboursements",73,0.008702908917501192
Validation MFA,demander un renvoi par mail d'échéancier,73,0.016655258955053615
Changer l'organisme de rattachement sécu. Social,Changer les coordonnées bancaire,73,0.03489483747609943
Connexion,demander un renvoi par mail d'échéancier,72,0.008583690987124463
Téléchargement de la carte de tiers payant,Exporter remboursement,72,0.03844100373731981
"Changer les coordonnées bancaire, changement de RIB pour les remboursements","Changer les coordonnées bancaire, changement de RIB pour les cotisations",71,0.07259713701431493
Renvoi carte TP papier,Téléchargement carte TP,71,0.06549815498154982
Connexion SSO,SSO Disconnect,70,0.017820773930753563
"Contactez nous : via message (Mon adhésion, Autres)",Déconnexion,70,0.2713178294573643
Connexion SSO,"Changer les coordonnées bancaire, changement de RIB pour les remboursements",69,0.017566191446028515
Contactez nous : via message (Mes garanties),Déconnexion,68,0.26877470355731226
Envoi d'un document,Exporter remboursement,68,0.02491755221692928
Connexion,Envoi d'un message,67,0.00798760133524082
Renvoi carte TP papier,Envoi carte TP par mail,66,0.06088560885608856
Validation MFA,Envoi d'un message,66,0.015058179329226557
Exporter remboursement,Envoi d'un document,66,0.018565400843881856
Envoi carte TP par mail,Changer l'organisme de rattachement sécu. Social,66,0.07746478873239436
Renvoi carte TP papier,Changer l'organisme de rattachement sécu. Social,65,0.05996309963099631
Envoi carte TP par mail,Renvoi carte TP papier,64,0.07511737089201878
Connexion,"Changer les coordonnées bancaire, changement de RIB pour les cotisations",63,0.0075107296137339056
Connexion,Déconnexion,61,0.007272293752980448
Envoi d'un document,Télécharger un décompte,60,0.021986075485525832
Exporter remboursement,Téléchargement de la carte de tiers payant,60,0.016877637130801686
demander un renvoi par mail d'échéancier,SSO Disconnect,59,0.11895161290322581
Ouverture d'un document contractuel,Signature électronique d'un mandat sepa,59,0.025507998270644185
Envoi d'un document,Signature électronique d'un mandat sepa,58,0.021253206302674972
Signature électronique d'un mandat sepa,Ouverture d'un document contractuel,58,0.015331747290510176
Signature électronique d'un mandat sepa,Changer ses informations personnel,58,0.015331747290510176
Connexion SSO,demander un renvoi par mail d'échéancier,57,0.014511201629327902
Envoi d'un message,SSO Disconnect,57,0.1261061946902655
Changer l'organisme de rattachement sécu. Social,Renvoi carte TP papier,57,0.027246653919694074
Ajout de la carte tiers payant dans le wallet,Ajout de la carte tiers payant dans le wallet,56,0.1917808219178082
Ouverture d'un document contractuel,Exporter remboursement,55,0.023778642455685256
Exporter remboursement,Changement de Mot de passe,55,0.015471167369901548
Connexion en tant que,Renvoi carte TP papier,55,0.024988641526578828
Exporter remboursement,Ouverture d'un document contractuel,54,0.015189873417721518
Changer ses informations personnel,Changer les coordonnées bancaire,54,0.015
Téléchargement carte TP,Envoi carte TP par mail,54,0.0509433962264151
Changer ses informations personnel,Partager un justificatif du PACS,54,0.015
Changer les coordonnées bancaire,Envoi d'un document,53,0.028266666666666666
Validation MFA,Contactez nous : via message (Mes garanties),53,0.012092174309833448
Connexion SSO,Envoi d'un message,51,0.012983706720977596
Changer ses informations personnel,Signature électronique d'un mandat sepa,51,0.014166666666666666
Changement de Mot de passe,Exporter remboursement,50,0.031269543464665414
Ouverture d'un document contractuel,Télécharger un décompte,49,0.021184608733246867
demander un renvoi par mail d'échéancier,demander un renvoi par mail d'échéancier,48,0.0967741935483871
Télécharger un décompte,Téléchargement de la carte de tiers payant,47,0.021799628942486084
Télécharger un décompte,Envoi d'un document,47,0.021799628942486084
Contactez nous : via message (Mes prises en charge/devis),Déconnexion,47,0.28313253012048195
Exporter remboursement,Partager un justificatif du PACS,46,0.012939521800281293
Envoi carte TP par mail,Téléchargement carte TP,46,0.0539906103286385
Envoi d'un document,Téléchargement de la carte de tiers payant,45,0.016489556614144377
Changer les coordonnées bancaire,Changer ses informations personnel,45,0.024
Changer ses informations personnel,Télécharger le certificat d'adhésion,45,0.0125
Télécharger le certificat d'adhésion,Envoi d'un document,45,0.037815126050420166
"Changer les coordonnées bancaire, changement de RIB pour les remboursements",Changer l'organisme de rattachement sécu. Social,43,0.04396728016359918
Changement de Mot de passe,Envoi d'un document,42,0.02626641651031895
Changer l'organisme de rattachement sécu. Social,Envoi carte TP par mail,42,0.020076481835564052
Envoi d'un document,Télécharger le certificat d'adhésion,42,0.015390252839868083
Connexion en tant que,Exporter remboursement,42,0.019082235347569285
Partager un justificatif du PACS,Signature électronique d'un mandat sepa,42,0.028552005438477225
Téléchargement de la carte de tiers payant,Télécharger un décompte,41,0.02189001601708489
Partager un justificatif du PACS,Changer ses informations personnel,41,0.02787219578518015
Ouverture d'un document contractuel,Changer les coordonnées bancaire,41,0.01772589710332901
Télécharger un décompte,Ouverture d'un document contractuel,41,0.019016697588126158
Signature électronique d'un mandat sepa,Partager un justificatif du PACS,41,0.010837959291567539
Changer l'organisme de rattachement sécu. Social,Envoi d'un document,40,0.019120458891013385
Télécharger le certificat d'adhésion,Changer ses informations personnel,40,0.03361344537815126
Validation MFA,Contactez nous : via message (Mes remboursements),40,0.009126169290440338
Connexion,"Contactez nous : via message (Mon adhésion, Autres)",39,0.004649499284692418
Connexion en tant que,Envoi carte TP par mail,39,0.017719218537028625
Connexion,Contactez nous : via message (Mes garanties),39,0.004649499284692418
Téléchargement de la carte de tiers payant,Envoi d'un document,38,0.0202883075280299
Validation MFA,"Contactez nous : via message (Mon adhésion, Autres)",38,0.008669860825918321
Ouverture d'un document contractuel,Téléchargement de la carte de tiers payant,38,0.016428880242109815
Ouverture d'un document contractuel,Changement de Mot de passe,37,0.01599654128837008
Connexion en tant que,SSO Disconnect,37,0.016810540663334848
Connexion SSO,Contactez nous : via message (Mes remboursements),36,0.009164969450101833
Partager un justificatif du PACS,Exporter remboursement,36,0.024473147518694765
Contactez nous : via message (Mes cotisations),Déconnexion,36,0.24
Envoi d'un document,Changer les coordonnées bancaire,36,0.0131916452913155
Connexion,Contactez nous : via message (Mes remboursements),36,0.004291845493562232
Télécharger un décompte,Téléchargement carte TP,35,0.016233766233766232
Contactez nous : via message (Mes remboursements),SSO Disconnect,35,0.12027491408934708
Changement de Mot de passe,Signature électronique d'un mandat sepa,35,0.021888680425265792
Changement de Mot de passe,Ouverture d'un document contractuel,35,0.021888680425265792
Envoi d'un document,Changer l'organisme de rattachement sécu. Social,35,0.01282521069989007
Téléchargement carte TP,Télécharger un décompte,34,0.03207547169811321
"Changer les coordonnées bancaire, changement de RIB pour les cotisations",Changer l'organisme de rattachement sécu. Social,34,0.029876977152899824
Changer ses informations personnel,"Changer les coordonnées bancaire, changement de RIB pour les cotisations",34,0.009444444444444445
Contactez nous : via message (Mes garanties),Envoi d'un message,34,0.13438735177865613
Envoi d'un message,Contactez nous : via message (Mes remboursements),34,0.0752212389380531
Changer l'organisme de rattachement sécu. Social,"Changer les coordonnées bancaire, changement de RIB pour les remboursements",34,0.016252390057361378
Changer l'organisme de rattachement sécu. Social,"Changer les coordonnées bancaire, changement de RIB pour les cotisations",33,0.01577437858508604
Connexion,Ajout de la carte tiers payant dans le wallet,33,0.003934191702432046
Ajout de la carte tiers payant dans le wallet,Téléchargement de la carte de tiers payant,33,0.11301369863013698
Télécharger un décompte,Envoi carte TP par mail,32,0.014842300556586271
"Changer les coordonnées bancaire, changement de RIB pour les cotisations",Changer ses informations personnel,32,0.028119507908611598
Ajout de la carte tiers payant dans le wallet,Déconnexion,32,0.1095890410958904
"Changer les coordonnées bancaire, changement de RIB pour les remboursements",Changer ses informations personnel,32,0.032719836400818
Connexion SSO,"Contactez nous : via message (Mon adhésion, Autres)",31,0.007892057026476579
Envoi d'un document,Changement de Mot de passe,31,0.011359472334188348
Ouverture d'un document contractuel,Renvoi carte TP papier,31,0.01340250756593169
Renvoi carte TP papier,Envoi d'un document,31,0.02859778597785978
Télécharger le certificat d'adhésion,Téléchargement de la carte de tiers payant,30,0.025210084033613446
Changement de Mot de passe,Télécharger un décompte,30,0.01876172607879925
Téléchargement de la carte de tiers payant,Ajout de la carte tiers payant dans le wallet,30,0.01601708489054992
Ouverture d'un document contractuel,Télécharger le certificat d'adhésion,30,0.01297016861219196
Contactez nous : via message (Mes garanties),SSO Disconnect,29,0.11462450592885376
Changer ses informations personnel,Téléchargement de la carte de tiers payant,29,0.008055555555555555
Envoi d'un message,Envoi d'un message,29,0.06415929203539823
Téléchargement de la carte de tiers payant,Changer ses informations personnel,29,0.015483182060864922
"Contactez nous : via message (Mon adhésion, Autres)",Envoi d'un message,29,0.1124031007751938
Télécharger un décompte,Changement de Mot de passe,29,0.013450834879406308
Contactez nous : via message (Mes remboursements),Envoi d'un message,29,0.09965635738831616
Connexion en tant que,Téléchargement de la carte de tiers payant,29,0.013175829168559746
Ouverture d'un document contractuel,Changer l'organisme de rattachement sécu. Social,29,0.012537829658452227
Exporter remboursement,Téléchargement carte TP,29,0.008157524613220815
"Changer les coordonnées bancaire, changement de RIB de bénéficiaire",Changer les coordonnées bancaire,28,0.27450980392156865
Changer les coordonnées bancaire,Changement de Mot de passe,28,0.014933333333333333
Envoi d'un document,Renvoi carte TP papier,28,0.010260168559912056
Changement de Mot de passe,Partager un justificatif du PACS,28,0.017510944340212633
Changer les coordonnées bancaire,Ouverture d'un document contractuel,28,0.014933333333333333
Connexion en tant que,Télécharger un décompte,28,0.012721490231712857
Connexion,Contactez nous : via message (Mes prises en charge/devis),28,0.0033381020505484026
Changement de Mot de passe,Changer les coordonnées bancaire,27,0.016885553470919325
Partager un justificatif du PACS,Télécharger un décompte,27,0.018354860639021073
Télécharger un décompte,Envoi d'une réclamation,27,0.012523191094619666
Signature électronique d'un mandat sepa,Changement de Mot de passe,27,0.007137192704203013
Signature électronique d'un mandat sepa,Renvoi carte TP papier,27,0.007137192704203013
Signature électronique d'un mandat sepa,Envoi carte TP par mail,26,0.006872852233676976
Changer l'organisme de rattachement sécu. Social,Ouverture d'un document contractuel,26,0.0124282982791587
Renvoi carte TP papier,Ouverture d'un document contractuel,26,0.023985239852398525
Envoi d'une réclamation,Envoi d'un document,26,0.029213483146067417
Envoi d'une réclamation,Télécharger un décompte,26,0.029213483146067417
Contactez nous : via message (Ma carte tiers-payant),Déconnexion,26,0.2988505747126437
Ajout de la carte tiers payant dans le wallet,Téléchargement carte TP,26,0.08904109589041095
"Changer les coordonnées bancaire, changement de RIB pour les cotisations",Envoi d'un document,26,0.022847100175746926
Téléchargement carte TP,Télécharger le certificat d'adhésion,26,0.024528301886792454
Envoi d'un document,Envoi carte TP par mail,25,0.009160864785635764
Télécharger le certificat d'adhésion,Ouverture d'un document contractuel,25,0.02100840336134454
Changer les coordonnées bancaire,Exporter remboursement,25,0.013333333333333334
Envoi carte TP par mail,Télécharger un décompte,25,0.029342723004694836
Connexion SSO,Contactez nous : via message (Mes garanties),25,0.006364562118126273
Envoi d'un message,"Contactez nous : via message (Mon adhésion, Autres)",25,0.05530973451327434
Télécharger un décompte,Renvoi carte TP papier,25,0.011595547309833023
Exporter remboursement,Signature électronique d'un mandat sepa,25,0.007032348804500703
Téléchargement de la carte de tiers payant,Ouverture d'un document contractuel,25,0.013347570742124934
Envoi carte TP par mail,Envoi d'un document,24,0.028169014084507043
Envoi d'une réclamation,envoi d'une demande de résiliation,24,0.02696629213483146
Renvoi carte TP papier,Signature électronique d'un mandat sepa,24,0.02214022140221402
Contactez nous : via message (Mes cotisations),SSO Disconnect,23,0.15333333333333332
Partager un justificatif du PACS,Changement de Mot de passe,23,0.01563562202583277
Renvoi carte TP papier,Ajout de la carte tiers payant dans le wallet,23,0.021217712177121772
Envoi d'un document,Envoi d'une réclamation,23,0.008427995602784902
Télécharger un décompte,Partager un justificatif du PACS,23,0.010667903525046383
Renvoi carte TP papier,Télécharger un décompte,23,0.021217712177121772
Partager un justificatif du PACS,Changer les coordonnées bancaire,23,0.01563562202583277
Envoi carte TP par mail,Signature électronique d'un mandat sepa,22,0.025821596244131457
demander un renvoi par mail d'échéancier,Exporter remboursement,22,0.04435483870967742
demander un renvoi par mail d'échéancier,Télécharger un décompte,22,0.04435483870967742
Connexion en tant que,Téléchargement carte TP,22,0.009995456610631531
Ajout de la carte tiers payant dans le wallet,Renvoi carte TP papier,22,0.07534246575342465
Validation MFA,Contactez nous : via message (Mes cotisations),22,0.005019393109742185
Renvoi carte TP papier,Exporter remboursement,22,0.02029520295202952
Téléchargement carte TP,Exporter remboursement,22,0.020754716981132074
Changer les coordonnées bancaire,Partager un justificatif du PACS,22,0.011733333333333333
Envoi d'un message,Contactez nous : via message (Mes garanties),22,0.048672566371681415
"Contactez nous : via message (Mon adhésion, Autres)",SSO Disconnect,22,0.08527131782945736
Envoi carte TP par mail,Télécharger le certificat d'adhésion,22,0.025821596244131457
Téléchargement de la carte de tiers payant,Télécharger le certificat d'adhésion,22,0.011745862253069941
Changer l'organisme de rattachement sécu. Social,Partager un justificatif du PACS,21,0.010038240917782026
Envoi d'un message,Contactez nous : via message (Mes cotisations),21,0.046460176991150445
Envoi d'un message,Envoi d'une réclamation,21,0.046460176991150445
Télécharger le certificat d'adhésion,Renvoi carte TP papier,21,0.01764705882352941
Changer ses informations personnel,"Changer les coordonnées bancaire, changement de RIB pour les remboursements",21,0.005833333333333334
Exporter remboursement,Renvoi carte TP papier,21,0.00590717299578059
Télécharger le certificat d'adhésion,Téléchargement carte TP,21,0.01764705882352941
Partager un justificatif du PACS,Changer l'organisme de rattachement sécu. Social,21,0.014276002719238613
Envoi d'un document,"Changer les coordonnées bancaire, changement de RIB pour les cotisations",21,0.007695126419934042
Ajout de la carte tiers payant dans le wallet,SSO Disconnect,21,0.07191780821917808
Connexion,"Changer les coordonnées bancaire, changement de RIB de bénéficiaire",21,0.002503576537911302
Connexion en tant que,Télécharger le certificat d'adhésion,20,0.009086778736937756
Téléchargement carte TP,Ouverture d'un document contractuel,20,0.018867924528301886
Connexion,Contactez nous : via message (Mes cotisations),20,0.002384358607534573
"Changer les coordonnées bancaire, changement de RIB pour les cotisations","Changer les coordonnées bancaire, changement de RIB de bénéficiaire",20,0.01757469244288225
demander un renvoi par mail d'échéancier,envoi d'une demande de résiliation,20,0.04032258064516129
Télécharger le certificat d'adhésion,Envoi carte TP par mail,20,0.01680672268907563
"Changer les coordonnées bancaire, changement de RIB de bénéficiaire","Changer les coordonnées bancaire, changement de RIB pour les cotisations",20,0.19607843137254902
Changement de Mot de passe,"Changer les coordonnées bancaire, changement de RIB pour les cotisations",20,0.012507817385866166
Ouverture d'un document contractuel,"Changer les coordonnées bancaire, changement de RIB pour les cotisations",20,0.00864677907479464
Changer ses informations personnel,Renvoi carte TP papier,20,0.005555555555555556
Contactez nous : via message (Mes garanties),Contactez nous : via message (Mes garanties),19,0.07509881422924901
"Changer les coordonnées bancaire, changement de RIB pour les remboursements",Envoi d'un document,19,0.019427402862985686
Signature électronique d'un mandat sepa,Exporter remboursement,19,0.0050224689399947136
Envoi d'un document,"Changer les coordonnées bancaire, changement de RIB pour les remboursements",19,0.006962257237083181
Connexion SSO,Contactez nous : via message (Mes prises en charge/devis),19,0.004837067209775967
Téléchargement carte TP,Ajout de la carte tiers payant dans le wallet,19,0.017924528301886792
Renvoi carte TP papier,Télécharger le certificat d'adhésion,19,0.017527675276752766
Validation MFA,Contactez nous : via message (Mes prises en charge/devis),19,0.004334930412959161
Changer les coordonnées bancaire,"Changer les coordonnées bancaire, changement de RIB de bénéficiaire",18,0.0096
Connexion SSO,Contactez nous : via message (Mes cotisations),18,0.004582484725050916
envoi d'une demande de résiliation,Envoi d'une réclamation,18,0.025423728813559324
"Contactez nous : via message (Mon adhésion, Autres)",Contactez nous : via message (Mes remboursements),18,0.06976744186046512
Contactez nous : via message (Mes prises en charge/devis),Envoi d'un message,18,0.10843373493975904
Envoi d'une réclamation,Envoi d'un message,18,0.020224719101123594
"Changer les coordonnées bancaire, changement de RIB pour les cotisations",Ouverture d'un document contractuel,18,0.015817223198594025
Contactez nous : via message (Mes remboursements),Contactez nous : via message (Mes remboursements),18,0.061855670103092786
"Changer les coordonnées bancaire, changement de RIB pour les cotisations",Changement de Mot de passe,18,0.015817223198594025
"Changer les coordonnées bancaire, changement de RIB de bénéficiaire","Changer les coordonnées bancaire, changement de RIB pour les remboursements",18,0.17647058823529413
Télécharger le certificat d'adhésion,Changement de Mot de passe,18,0.015126050420168067
"Changer les coordonnées bancaire, changement de RIB pour les remboursements","Changer les coordonnées bancaire, changement de RIB de bénéficiaire",17,0.017382413087934562
Envoi d'un message,Partager un justificatif du PACS,17,0.03761061946902655
Télécharger un décompte,demander un renvoi par mail d'échéancier,17,0.007884972170686457
Envoi d'un document,Ajout de la carte tiers payant dans le wallet,17,0.00622938805423232
Ouverture d'un document contractuel,Téléchargement carte TP,17,0.007349762213575443
Partager un justificatif du PACS,Envoi d'un message,17,0.011556764106050306
Téléchargement carte TP,Envoi d'un document,17,0.016037735849056604
Télécharger le certificat d'adhésion,Envoi d'une réclamation,17,0.014285714285714285
Envoi d'une réclamation,Exporter remboursement,17,0.019101123595505618
Exporter remboursement,Envoi d'une réclamation,17,0.004781997187060478
envoi d'une demande de résiliation,Envoi d'un document,17,0.02401129943502825
Envoi carte TP par mail,Exporter remboursement,17,0.01995305164319249
Envoi d'un document,"Contactez nous : via message (Mon adhésion, Autres)",16,0.005862953462806889
Ajout de la carte tiers payant dans le wallet,Télécharger le certificat d'adhésion,16,0.0547945205479452
Envoi carte TP par mail,Ouverture d'un document contractuel,16,0.018779342723004695
Ouverture d'un document contractuel,"Changer les coordonnées bancaire, changement de RIB pour les remboursements",16,0.006917423259835711
Exporter remboursement,Changer les coordonnées bancaire,16,0.00450070323488045
"Changer les coordonnées bancaire, changement de RIB pour les remboursements",Changement de Mot de passe,16,0.016359918200409
Exporter remboursement,"Changer les coordonnées bancaire, changement de RIB pour les cotisations",16,0.00450070323488045
Envoi d'une réclamation,Ouverture d'un document contractuel,16,0.017977528089887642
"Contactez nous : via message (Mon adhésion, Autres)",Contactez nous : via message (Mes garanties),16,0.06201550387596899
Contactez nous : via message (Mes prises en charge/devis),SSO Disconnect,16,0.0963855421686747
Ajout de la carte tiers payant dans le wallet,Envoi d'un document,16,0.0547945205479452
Télécharger un décompte,Ajout de la carte tiers payant dans le wallet,15,0.006957328385899814
Envoi d'un document,Téléchargement carte TP,15,0.005496518871381458
"Contactez nous : via message (Mon adhésion, Autres)",Envoi d'un document,15,0.05813953488372093
Envoi d'une réclamation,Télécharger le certificat d'adhésion,15,0.016853932584269662
envoi d'une demande de résiliation,Exporter remboursement,15,0.0211864406779661
"Changer les coordonnées bancaire, changement de RIB de bénéficiaire",Déconnexion,15,0.14705882352941177
Envoi d'un document,demander un renvoi par mail d'échéancier,15,0.005496518871381458
Téléchargement carte TP,Changer ses informations personnel,15,0.014150943396226415
Signature électronique d'un mandat sepa,Télécharger un décompte,15,0.003965107057890563
Exporter remboursement,envoi d'une demande de résiliation,15,0.004219409282700422
Envoi d'un message,Contactez nous : via message (Mes prises en charge/devis),14,0.030973451327433628
"Changer les coordonnées bancaire, changement de RIB pour les remboursements",Ouverture d'un document contractuel,14,0.014314928425357873
Contactez nous : via message (Mes remboursements),"Contactez nous : via message (Mon adhésion, Autres)",14,0.048109965635738834
"Changer les coordonnées bancaire, changement de RIB de bénéficiaire","Changer les coordonnées bancaire, changement de RIB de bénéficiaire",14,0.13725490196078433
Contactez nous : via message (Mes remboursements),Contactez nous : via message (Mes garanties),14,0.048109965635738834
Validation MFA,Contactez nous : via message (Ma carte tiers-payant),14,0.0031941592516541184
Envoi d'une réclamation,"Contactez nous : via message (Mon adhésion, Autres)",14,0.015730337078651686
Renvoi carte TP papier,Changer ses informations personnel,14,0.012915129151291513
Ajout de la carte tiers payant dans le wallet,Ouverture d'un document contractuel,14,0.04794520547945205
"Contactez nous : via message (Mon adhésion, Autres)","Contactez nous : via message (Mon adhésion, Autres)",14,0.05426356589147287
Connexion SSO,Ajout de la carte tiers payant dans le wallet,14,0.003564154786150713
Télécharger le certificat d'adhésion,demander un renvoi par mail d'échéancier,14,0.011764705882352941
Envoi d'une réclamation,Partager un justificatif du PACS,14,0.015730337078651686
Contactez nous : via message (Mes cotisations),Envoi d'un message,14,0.09333333333333334
Contactez nous : via message (Ma carte tiers-payant),SSO Disconnect,14,0.16091954022988506
Changer ses informations personnel,Téléchargement carte TP,14,0.0038888888888888888
Ajout de la carte tiers payant dans le wallet,Envoi carte TP par mail,13,0.04452054794520548
Ouverture d'un document contractuel,Envoi d'une réclamation,13,0.005620406398616515
Partager un justificatif du PACS,"Changer les coordonnées bancaire, changement de RIB pour les cotisations",13,0.008837525492861998
Contactez nous : via message (Mes garanties),Exporter remboursement,13,0.05138339920948617
Télécharger le certificat d'adhésion,Ajout de la carte tiers payant dans le wallet,13,0.010924369747899159
"Changer les coordonnées bancaire, changement de RIB pour les remboursements",Exporter remboursement,13,0.013292433537832311
envoi d'une demande de résiliation,demander un renvoi par mail d'échéancier,13,0.018361581920903956
Contactez nous : via message (Mes remboursements),Exporter remboursement,13,0.044673539518900345
Changement de Mot de passe,Téléchargement de la carte de tiers payant,13,0.008130081300813009
Connexion en tant que,Envoi d'une réclamation,13,0.005906406179009541
"Changer les coordonnées bancaire, changement de RIB pour les cotisations",Exporter remboursement,13,0.011423550087873463
Partager un justificatif du PACS,Envoi d'une réclamation,12,0.008157715839564922
demander un renvoi par mail d'échéancier,Télécharger le certificat d'adhésion,12,0.024193548387096774
Changement de Mot de passe,"Changer les coordonnées bancaire, changement de RIB pour les remboursements",12,0.0075046904315197
Partager un justificatif du PACS,"Changer les coordonnées bancaire, changement de RIB pour les remboursements",12,0.008157715839564922
Changement de Mot de passe,Télécharger le certificat d'adhésion,12,0.0075046904315197
Ouverture d'un document contractuel,Envoi carte TP par mail,12,0.005188067444876783
Envoi carte TP par mail,Ajout de la carte tiers payant dans le wallet,12,0.014084507042253521
envoi d'une demande de résiliation,Contactez nous : via message (Mes remboursements),12,0.01694915254237288
Exporter remboursement,demander un renvoi par mail d'échéancier,12,0.0033755274261603376
Changer l'organisme de rattachement sécu. Social,Changer ses informations personnel,12,0.0057361376673040155
Envoi d'un document,envoi d'une demande de résiliation,12,0.004397215097105167
Envoi d'une réclamation,Ajout de la carte tiers payant dans le wallet,11,0.012359550561797753
Changer les coordonnées bancaire,Envoi carte TP par mail,11,0.005866666666666667
Connexion en tant que,Ajout de la carte tiers payant dans le wallet,11,0.004997728305315766
Envoi d'une réclamation,Envoi carte TP par mail,11,0.012359550561797753
Contactez nous : via message (Mes garanties),Contactez nous : via message (Mes remboursements),11,0.043478260869565216
Contactez nous : via message (Mes garanties),"Contactez nous : via message (Mon adhésion, Autres)",11,0.043478260869565216
envoi d'une demande de résiliation,Envoi d'un message,11,0.015536723163841809
Validation MFA,Ajout de la carte tiers payant dans le wallet,11,0.0025096965548710927
Envoi d'une réclamation,Contactez nous : via message (Mes remboursements),11,0.012359550561797753
Changer ses informations personnel,Envoi carte TP par mail,11,0.0030555555555555557
"Changer les coordonnées bancaire, changement de RIB pour les remboursements",Partager un justificatif du PACS,11,0.011247443762781187
Contactez nous : via message (Mes cotisations),"Contactez nous : via message (Mon adhésion, Autres)",11,0.07333333333333333
Partager un justificatif du PACS,Télécharger le certificat d'adhésion,11,0.007477906186267845
Contactez nous : via message (Ma télétransmission - rattachement automatique avec votre Régime Obligatoire),Déconnexion,11,0.19298245614035087
Envoi carte TP par mail,Envoi d'une réclamation,10,0.011737089201877934
Télécharger le certificat d'adhésion,Signature électronique d'un mandat sepa,10,0.008403361344537815
Télécharger le certificat d'adhésion,Partager un justificatif du PACS,10,0.008403361344537815
Télécharger un décompte,Changer les coordonnées bancaire,10,0.00463821892393321
envoi d'une demande de résiliation,Télécharger un décompte,10,0.014124293785310734
Contactez nous : via message (Mes garanties),Envoi d'une réclamation,10,0.039525691699604744
demander un renvoi par mail d'échéancier,Téléchargement carte TP,10,0.020161290322580645
Exporter remboursement,Contactez nous : via message (Mes remboursements),10,0.0028129395218002813
Exporter remboursement,Contactez nous : via message (Mes garanties),10,0.0028129395218002813
envoi d'une demande de résiliation,Ouverture d'un document contractuel,10,0.014124293785310734
envoi d'une demande de résiliation,Signature électronique d'un mandat sepa,10,0.014124293785310734
Changement de Mot de passe,Changer l'organisme de rattachement sécu. Social,10,0.006253908692933083
Connexion en tant que,envoi d'une demande de résiliation,10,0.004543389368468878
"Contactez nous : via message (Mon adhésion, Autres)",Contactez nous : via message (Mes cotisations),10,0.03875968992248062
Contactez nous : via message (Mes prises en charge/devis),Partager un justificatif du PACS,10,0.060240963855421686
Changer les coordonnées bancaire,Télécharger un décompte,10,0.005333333333333333
Envoi d'un message,demander un renvoi par mail d'échéancier,10,0.022123893805309734
Contactez nous : via message (Mes remboursements),Ouverture d'un document contractuel,10,0.03436426116838488
Téléchargement de la carte de tiers payant,Changement de Mot de passe,10,0.005339028296849973
"Changer les coordonnées bancaire, changement de RIB pour les cotisations",Partager un justificatif du PACS,10,0.008787346221441126
demander un renvoi par mail d'échéancier,Ouverture d'un document contractuel,10,0.020161290322580645
Contactez nous : via message (Mes cotisations),Contactez nous : via message (Mes remboursements),10,0.06666666666666667
Envoi carte TP par mail,Changement de Mot de passe,9,0.01056338028169014
Connexion,Contactez nous : via message (Ma carte tiers-payant),9,0.001072961373390558
Contactez nous : via message (Ma télétransmission - rattachement automatique avec votre Régime Obligatoire),SSO Disconnect,9,0.15789473684210525
Contactez nous : via message (Mes garanties),envoi d'une demande de résiliation,9,0.03557312252964427
Exporter remboursement,Envoi carte TP par mail,9,0.002531645569620253
Changement de Mot de passe,Envoi carte TP par mail,9,0.005628517823639775
Changer l'organisme de rattachement sécu. Social,Téléchargement de la carte de tiers payant,9,0.004302103250478011
Partager un justificatif du PACS,Contactez nous : via message (Mes prises en charge/devis),9,0.006118286879673691
Partager un justificatif du PACS,Renvoi carte TP papier,9,0.006118286879673691
Contactez nous : via message (Mes remboursements),Télécharger le certificat d'adhésion,9,0.030927835051546393
Connexion SSO,Contactez nous : via message (Ma carte tiers-payant),9,0.002291242362525458
Connexion en tant que,Changer ses informations personnel,9,0.00408905043162199
"Contactez nous : via message (Mon adhésion, Autres)",Contactez nous : via message (Ma carte tiers-payant),9,0.03488372093023256
Téléchargement de la carte de tiers payant,Partager un justificatif du PACS,9,0.004805125467164976
Déconnexion,Envoi d'un document,9,0.15517241379310345
Contactez nous : via message (Ma carte tiers-payant),Envoi d'un message,9,0.10344827586206896
Connexion en tant que,Changement de Mot de passe,9,0.00408905043162199
SSO Disconnect,Ouverture d'un document contractuel,9,0.21428571428571427
Envoi d'un message,Télécharger un décompte,9,0.01991150442477876
demander un renvoi par mail d'échéancier,Envoi d'un message,8,0.016129032258064516
Envoi d'un message,Ouverture d'un document contractuel,8,0.017699115044247787
Contactez nous : via message (Mes cotisations),Ouverture d'un document contractuel,8,0.05333333333333334
Ouverture d'un document contractuel,Contactez nous : via message (Mes cotisations),8,0.0034587116299178555
Changer ses informations personnel,Changer l'organisme de rattachement sécu. Social,8,0.0022222222222222222
"Changer les coordonnées bancaire, changement de RIB pour les remboursements",Télécharger un décompte,8,0.0081799591002045
Télécharger un décompte,"Changer les coordonnées bancaire, changement de RIB pour les cotisations",8,0.0037105751391465678
"Contactez nous : via message (Mon adhésion, Autres)",Télécharger le certificat d'adhésion,8,0.031007751937984496
Ajout de la carte tiers payant dans le wallet,Envoi d'une réclamation,8,0.0273972602739726
Téléchargement carte TP,Partager un justificatif du PACS,8,0.007547169811320755
"Contactez nous : via message (Mon adhésion, Autres)",Contactez nous : via message (Mes prises en charge/devis),8,0.031007751937984496
Déconnexion,Télécharger le certificat d'adhésion,8,0.13793103448275862
envoi d'une demande de résiliation,Partager un justificatif du PACS,8,0.011299435028248588
Ouverture d'un document contractuel,Ajout de la carte tiers payant dans le wallet,8,0.0034587116299178555
Contactez nous : via message (Mes prises en charge/devis),Télécharger un décompte,8,0.04819277108433735
Envoi d'un message,Renvoi carte TP papier,8,0.017699115044247787
Connexion en tant que,demander un renvoi par mail d'échéancier,8,0.003634711494775102
Envoi d'une réclamation,Contactez nous : via message (Mes garanties),8,0.008988764044943821
Validation MFA,Contactez nous : via message (Ma télétransmission - rattachement automatique avec votre Régime Obligatoire),8,0.0018252338580880675
Téléchargement de la carte de tiers payant,Changer l'organisme de rattachement sécu. Social,8,0.004271222637479978
Connexion SSO,"Changer les coordonnées bancaire, changement de RIB de bénéficiaire",8,0.002036659877800407
Envoi d'un message,envoi d'une demande de résiliation,8,0.017699115044247787
Ouverture d'un document contractuel,demander un renvoi par mail d'échéancier,8,0.0034587116299178555
Contactez nous : via message (Mes prises en charge/devis),Contactez nous : via message (Mes remboursements),8,0.04819277108433735
Télécharger un décompte,Contactez nous : via message (Mes prises en charge/devis),8,0.0037105751391465678
Télécharger un décompte,Signature électronique d'un mandat sepa,8,0.0037105751391465678
Ajout de la carte tiers payant dans le wallet,Contactez nous : via message (Mes prises en charge/devis),7,0.023972602739726026
Télécharger le certificat d'adhésion,Contactez nous : via message (Mes garanties),7,0.0058823529411764705
Envoi carte TP par mail,Changer ses informations personnel,7,0.008215962441314555
Télécharger le certificat d'adhésion,"Contactez nous : via message (Mon adhésion, Autres)",7,0.0058823529411764705
Déconnexion,Signature électronique d'un mandat sepa,7,0.1206896551724138
Déconnexion,Partager un justificatif du PACS,7,0.1206896551724138
envoi d'une demande de résiliation,Télécharger le certificat d'adhésion,7,0.009887005649717515
Changer les coordonnées bancaire,Renvoi carte TP papier,7,0.0037333333333333333
SSO Disconnect,Envoi d'un document,7,0.16666666666666666
Envoi d'un message,Envoi d'un document,7,0.015486725663716814
Contactez nous : via message (Mes remboursements),Contactez nous : via message (Mes cotisations),7,0.024054982817869417
"Contactez nous : via message (Mon adhésion, Autres)",Envoi d'une réclamation,7,0.027131782945736434
Téléchargement carte TP,demander un renvoi par mail d'échéancier,7,0.006603773584905661
Téléchargement de la carte de tiers payant,Contactez nous : via message (Mes remboursements),7,0.0037373198077949813
Envoi d'un message,Télécharger le certificat d'adhésion,7,0.015486725663716814
Contactez nous : via message (Mes remboursements),Envoi d'un document,7,0.024054982817869417
Contactez nous : via message (Mes remboursements),Téléchargement de la carte de tiers payant,7,0.024054982817869417
"Changer les coordonnées bancaire, changement de RIB pour les cotisations",Télécharger un décompte,7,0.006151142355008787
"Changer les coordonnées bancaire, changement de RIB de bénéficiaire",SSO Disconnect,7,0.06862745098039216
Exporter remboursement,Envoi d'un message,7,0.001969057665260197
Ouverture d'un document contractuel,Envoi d'un message,7,0.0030263726761781237
Contactez nous : via message (Mes prises en charge/devis),"Contactez nous : via message (Mon adhésion, Autres)",7,0.04216867469879518
Envoi d'une réclamation,Renvoi carte TP papier,7,0.007865168539325843
Changement de Mot de passe,Renvoi carte TP papier,7,0.004377736085053158
Renvoi carte TP papier,"Changer les coordonnées bancaire, changement de RIB pour les cotisations",7,0.006457564575645757
Contactez nous : via message (Mes cotisations),Contactez nous : via message (Mes prises en charge/devis),7,0.04666666666666667
Renvoi carte TP papier,Envoi d'un message,7,0.006457564575645757
Ouverture d'un document contractuel,envoi d'une demande de résiliation,7,0.0030263726761781237
Contactez nous : via message (Mes garanties),Contactez nous : via message (Mes cotisations),7,0.02766798418972332
Contactez nous : via message (Mes prises en charge/devis),Ajout de la carte tiers payant dans le wallet,7,0.04216867469879518
Ajout de la carte tiers payant dans le wallet,Télécharger un décompte,7,0.023972602739726026
demander un renvoi par mail d'échéancier,Envoi d'un document,7,0.014112903225806451
Déconnexion,Exporter remboursement,7,0.1206896551724138
demander un renvoi par mail d'échéancier,Contactez nous : via message (Mes prises en charge/devis),7,0.014112903225806451
demander un renvoi par mail d'échéancier,Partager un justificatif du PACS,6,0.012096774193548387
Contactez nous : via message (Mes prises en charge/devis),Contactez nous : via message (Mes garanties),6,0.03614457831325301
Contactez nous : via message (Mes garanties),Télécharger le certificat d'adhésion,6,0.023715415019762844
Changer l'organisme de rattachement sécu. Social,Envoi d'une réclamation,6,0.0028680688336520078
Renvoi carte TP papier,Changement de Mot de passe,6,0.005535055350553505
Renvoi carte TP papier,Changer les coordonnées bancaire,6,0.005535055350553505
Envoi d'une réclamation,Signature électronique d'un mandat sepa,6,0.006741573033707865
Contactez nous : via message (Ma télétransmission - rattachement automatique avec votre Régime Obligatoire),Envoi d'un document,6,0.10526315789473684
Contactez nous : via message (Mes garanties),Contactez nous : via message (Mes prises en charge/devis),6,0.023715415019762844
Envoi d'un message,Contactez nous : via message (Ma carte tiers-payant),6,0.01327433628318584
Télécharger le certificat d'adhésion,Contactez nous : via message (Mes remboursements),6,0.005042016806722689
Connexion SSO,Contactez nous : via message (Ma télétransmission - rattachement automatique avec votre Régime Obligatoire),6,0.0015274949083503055
"Changer les coordonnées bancaire, changement de RIB pour les cotisations",Télécharger le certificat d'adhésion,6,0.005272407732864675
Téléchargement carte TP,Changement de Mot de passe,6,0.005660377358490566
Contactez nous : via message (Mes remboursements),Envoi d'une réclamation,6,0.020618556701030927
"Contactez nous : via message (Mon adhésion, Autres)",Ouverture d'un document contractuel,6,0.023255813953488372
Envoi d'un document,Envoi d'un message,6,0.0021986075485525836
Contactez nous : via message (Ma carte tiers-payant),"Contactez nous : via message (Mon adhésion, Autres)",6,0.06896551724137931
Renvoi carte TP papier,Envoi d'une réclamation,6,0.005535055350553505
Télécharger le certificat d'adhésion,Envoi d'un message,6,0.005042016806722689
Envoi carte TP par mail,Changer les coordonnées bancaire,6,0.007042253521126761
Déconnexion,Télécharger un décompte,6,0.10344827586206896
Télécharger le certificat d'adhésion,"Changer les coordonnées bancaire, changement de RIB pour les cotisations",6,0.005042016806722689
envoi d'une demande de résiliation,"Changer les coordonnées bancaire, changement de RIB pour les cotisations",6,0.00847457627118644
"Contactez nous : via message (Mon adhésion, Autres)",envoi d'une demande de résiliation,6,0.023255813953488372
Télécharger un décompte,Contactez nous : via message (Ma carte tiers-payant),6,0.0027829313543599257
Contactez nous : via message (Mes prises en charge/devis),Télécharger le certificat d'adhésion,6,0.03614457831325301
Contactez nous : via message (Mes cotisations),Contactez nous : via message (Mes cotisations),5,0.03333333333333333
Contactez nous : via message (Mes cotisations),demander un renvoi par mail d'échéancier,5,0.03333333333333333
Contactez nous : via message (Mes cotisations),Télécharger un décompte,5,0.03333333333333333
Contactez nous : via message (Mes garanties),Ajout de la carte tiers payant dans le wallet,5,0.019762845849802372
Changer l'organisme de rattachement sécu. Social,envoi d'une demande de résiliation,5,0.002390057361376673
Ouverture d'un document contractuel,"Contactez nous : via message (Mon adhésion, Autres)",5,0.00216169476869866
Partager un justificatif du PACS,Téléchargement de la carte de tiers payant,5,0.003399048266485384
Partager un justificatif du PACS,envoi d'une demande de résiliation,5,0.003399048266485384
Contactez nous : via message (Mes cotisations),Contactez nous : via message (Mes garanties),5,0.03333333333333333
Contactez nous : via message (Ma télétransmission - rattachement automatique avec votre Régime Obligatoire),Renvoi carte TP papier,5,0.08771929824561403
Partager un justificatif du PACS,Envoi carte TP par mail,5,0.003399048266485384
Renvoi carte TP papier,Partager un justificatif du PACS,5,0.004612546125461255
Envoi d'un message,Téléchargement carte TP,5,0.011061946902654867
SSO Disconnect,Télécharger un décompte,5,0.11904761904761904
"Changer les coordonnées bancaire, changement de RIB pour les cotisations",Renvoi carte TP papier,5,0.004393673110720563
Contactez nous : via message (Mes remboursements),envoi d'une demande de résiliation,5,0.01718213058419244
Télécharger un décompte,Envoi d'un message,5,0.002319109461966605
"Contactez nous : via message (Mon adhésion, Autres)",demander un renvoi par mail d'échéancier,5,0.01937984496124031
Télécharger un décompte,"Changer les coordonnées bancaire, changement de RIB pour les remboursements",5,0.002319109461966605
Déconnexion,"Changer les coordonnées bancaire, changement de RIB pour les remboursements",5,0.08620689655172414
Envoi d'un document,Contactez nous : via message (Mes remboursements),5,0.001832172957127153
Envoi carte TP par mail,"Changer les coordonnées bancaire, changement de RIB pour les cotisations",5,0.005868544600938967
Contactez nous : via message (Mes remboursements),Contactez nous : via message (Mes prises en charge/devis),5,0.01718213058419244
Télécharger le certificat d'adhésion,Contactez nous : via message (Mes prises en charge/devis),5,0.004201680672268907
Renvoi carte TP papier,"Changer les coordonnées bancaire, changement de RIB pour les remboursements",5,0.004612546125461255
Changement de Mot de passe,Téléchargement carte TP,5,0.0031269543464665416
Contactez nous : via message (Mes garanties),demander un renvoi par mail d'échéancier,5,0.019762845849802372
Contactez nous : via message (Mes cotisations),Envoi d'une réclamation,5,0.03333333333333333
Exporter remboursement,"Changer les coordonnées bancaire, changement de RIB pour les remboursements",5,0.0014064697609001407
Envoi d'une réclamation,Contactez nous : via message (Ma carte tiers-payant),5,0.0056179775280898875
Contactez nous : via message (Mes cotisations),Renvoi carte TP papier,5,0.03333333333333333
Ouverture d'un document contractuel,Contactez nous : via message (Ma télétransmission - rattachement automatique avec votre Régime Obligatoire),5,0.00216169476869866
Ouverture d'un document contractuel,Contactez nous : via message (Mes remboursements),5,0.00216169476869866
demander un renvoi par mail d'échéancier,"Changer les coordonnées bancaire, changement de RIB pour les cotisations",5,0.010080645161290322
Contactez nous : via message (Ma carte tiers-payant),Télécharger un décompte,5,0.05747126436781609
Envoi d'une réclamation,"Changer les coordonnées bancaire, changement de RIB pour les cotisations",4,0.0044943820224719105
Renvoi carte TP papier,Contactez nous : via message (Mes cotisations),4,0.0036900369003690036
"Changer les coordonnées bancaire, changement de RIB pour les remboursements",Renvoi carte TP papier,4,0.00408997955010225
Contactez nous : via message (Mes prises en charge/devis),envoi d'une demande de résiliation,4,0.024096385542168676
Contactez nous : via message (Mes remboursements),Télécharger un décompte,4,0.013745704467353952
Connexion en tant que,"Changer les coordonnées bancaire, changement de RIB de bénéficiaire",4,0.001817355747387551
SSO Disconnect,Signature électronique d'un mandat sepa,4,0.09523809523809523
Téléchargement carte TP,Changer l'organisme de rattachement sécu. Social,4,0.0037735849056603774
Renvoi carte TP papier,Contactez nous : via message (Ma télétransmission - rattachement automatique avec votre Régime Obligatoire),4,0.0036900369003690036
demander un renvoi par mail d'échéancier,Ajout de la carte tiers payant dans le wallet,4,0.008064516129032258
Contactez nous : via message (Mes prises en charge/devis),Contactez nous : via message (Mes cotisations),4,0.024096385542168676
Contactez nous : via message (Mes prises en charge/devis),Envoi d'une réclamation,4,0.024096385542168676
Partager un justificatif du PACS,Téléchargement carte TP,4,0.002719238613188307
Ouverture d'un document contractuel,Contactez nous : via message (Mes garanties),4,0.0017293558149589277
Contactez nous : via message (Ma carte tiers-payant),demander un renvoi par mail d'échéancier,4,0.04597701149425287
Partager un justificatif du PACS,Contactez nous : via message (Ma télétransmission - rattachement automatique avec votre Régime Obligatoire),4,0.002719238613188307
Partager un justificatif du PACS,"Contactez nous : via message (Mon adhésion, Autres)",4,0.002719238613188307
Exporter remboursement,"Contactez nous : via message (Mon adhésion, Autres)",4,0.0011251758087201125
Contactez nous : via message (Ma télétransmission - rattachement automatique avec votre Régime Obligatoire),Ouverture d'un document contractuel,4,0.07017543859649122
Exporter remboursement,Contactez nous : via message (Mes prises en charge/devis),4,0.0011251758087201125
Exporter remboursement,Changer l'organisme de rattachement sécu. Social,4,0.0011251758087201125
Contactez nous : via message (Ma télétransmission - rattachement automatique avec votre Régime Obligatoire),Partager un justificatif du PACS,4,0.07017543859649122
Déconnexion,Ouverture d'un document contractuel,4,0.06896551724137931
Contactez nous : via message (Mes garanties),Contactez nous : via message (Ma carte tiers-payant),4,0.015810276679841896
Changer l'organisme de rattachement sécu. Social,Exporter remboursement,4,0.0019120458891013384
Changer l'organisme de rattachement sécu. Social,demander un renvoi par mail d'échéancier,4,0.0019120458891013384
Changer l'organisme de rattachement sécu. Social,Téléchargement carte TP,4,0.0019120458891013384
Télécharger le certificat d'adhésion,envoi d'une demande de résiliation,4,0.0033613445378151263
"Contactez nous : via message (Mon adhésion, Autres)",Télécharger un décompte,4,0.015503875968992248
Envoi d'un document,Contactez nous : via message (Ma télétransmission - rattachement automatique avec votre Régime Obligatoire),4,0.0014657383657017222
Connexion,Contactez nous : via message (Ma télétransmission - rattachement automatique avec votre Régime Obligatoire),4,0.0004768717215069146
Envoi carte TP par mail,Contactez nous : via message (Mes remboursements),4,0.004694835680751174
Envoi carte TP par mail,"Changer les coordonnées bancaire, changement de RIB pour les remboursements",4,0.004694835680751174
Téléchargement carte TP,envoi d'une demande de résiliation,4,0.0037735849056603774
Contactez nous : via message (Mes cotisations),envoi d'une demande de résiliation,4,0.02666666666666667
Changer l'organisme de rattachement sécu. Social,Changement de Mot de passe,4,0.0019120458891013384
demander un renvoi par mail d'échéancier,Signature électronique d'un mandat sepa,4,0.008064516129032258
demander un renvoi par mail d'échéancier,Contactez nous : via message (Mes garanties),4,0.008064516129032258
SSO Disconnect,Partager un justificatif du PACS,4,0.09523809523809523
Contactez nous : via message (Mes prises en charge/devis),Téléchargement carte TP,4,0.024096385542168676
Renvoi carte TP papier,envoi d'une demande de résiliation,4,0.0036900369003690036
Signature électronique d'un mandat sepa,envoi d'une demande de résiliation,4,0.00105736188210415
Signature électronique d'un mandat sepa,Télécharger le certificat d'adhésion,4,0.00105736188210415
Signature électronique d'un mandat sepa,Téléchargement de la carte de tiers payant,4,0.00105736188210415
Téléchargement carte TP,Envoi d'un message,4,0.0037735849056603774
Contactez nous : via message (Mes remboursements),Contactez nous : via message (Ma carte tiers-payant),4,0.013745704467353952
SSO Disconnect,Exporter remboursement,4,0.09523809523809523
Télécharger un décompte,Contactez nous : via message (Mes cotisations),4,0.0018552875695732839
Contactez nous : via message (Mes remboursements),demander un renvoi par mail d'échéancier,4,0.013745704467353952
"Changer les coordonnées bancaire, changement de RIB pour les remboursements",Télécharger le certificat d'adhésion,4,0.00408997955010225
envoi d'une demande de résiliation,Contactez nous : via message (Mes cotisations),4,0.005649717514124294
"Changer les coordonnées bancaire, changement de RIB pour les remboursements",Envoi carte TP par mail,4,0.00408997955010225
Ajout de la carte tiers payant dans le wallet,Contactez nous : via message (Mes garanties),4,0.0136986301369863
Envoi carte TP par mail,Partager un justificatif du PACS,3,0.0035211267605633804
Ajout de la carte tiers payant dans le wallet,Changement de Mot de passe,3,0.010273972602739725
envoi d'une demande de résiliation,Changement de Mot de passe,3,0.00423728813559322
envoi d'une demande de résiliation,Changer ses informations personnel,3,0.00423728813559322
Déconnexion,"Changer les coordonnées bancaire, changement de RIB pour les cotisations",3,0.05172413793103448
"Changer les coordonnées bancaire, changement de RIB pour les cotisations",Envoi carte TP par mail,3,0.0026362038664323375
"Changer les coordonnées bancaire, changement de RIB pour les cotisations",envoi d'une demande de résiliation,3,0.0026362038664323375
Télécharger un décompte,Changer l'organisme de rattachement sécu. Social,3,0.0013914656771799629
"Changer les coordonnées bancaire, changement de RIB pour les remboursements",Envoi d'une réclamation,3,0.003067484662576687
Télécharger le certificat d'adhésion,Changer les coordonnées bancaire,3,0.0025210084033613447
Connexion en tant que,Contactez nous : via message (Ma carte tiers-payant),3,0.0013630168105406633
Contactez nous : via message (Ma télétransmission - rattachement automatique avec votre Régime Obligatoire),Envoi d'une réclamation,3,0.05263157894736842
Envoi d'une réclamation,Contactez nous : via message (Mes prises en charge/devis),3,0.0033707865168539327
Contactez nous : via message (Ma télétransmission - rattachement automatique avec votre Régime Obligatoire),envoi d'une demande de résiliation,3,0.05263157894736842
Partager un justificatif du PACS,demander un renvoi par mail d'échéancier,3,0.0020394289598912306
Changement de Mot de passe,Envoi d'une réclamation,3,0.001876172607879925
Télécharger un décompte,envoi d'une demande de résiliation,3,0.0013914656771799629
demander un renvoi par mail d'échéancier,Contactez nous : via message (Mes remboursements),3,0.006048387096774193
Ajout de la carte tiers payant dans le wallet,envoi d'une demande de résiliation,3,0.010273972602739725
Ajout de la carte tiers payant dans le wallet,demander un renvoi par mail d'échéancier,3,0.010273972602739725
envoi d'une demande de résiliation,Contactez nous : via message (Mes garanties),3,0.00423728813559322
envoi d'une demande de résiliation,Envoi carte TP par mail,3,0.00423728813559322
Contactez nous : via message (Mes garanties),Envoi d'un document,3,0.011857707509881422
Contactez nous : via message (Mes prises en charge/devis),Contactez nous : via message (Ma carte tiers-payant),3,0.018072289156626505
Contactez nous : via message (Ma carte tiers-payant),envoi d'une demande de résiliation,3,0.034482758620689655
demander un renvoi par mail d'échéancier,Changement de Mot de passe,3,0.006048387096774193
demander un renvoi par mail d'échéancier,Téléchargement de la carte de tiers payant,3,0.006048387096774193
demander un renvoi par mail d'échéancier,Renvoi carte TP papier,3,0.006048387096774193
Changer ses informations personnel,Envoi d'une réclamation,3,0.0008333333333333334
Téléchargement de la carte de tiers payant,Signature électronique d'un mandat sepa,3,0.001601708489054992
Téléchargement de la carte de tiers payant,envoi d'une demande de résiliation,3,0.001601708489054992
Connexion en tant que,Contactez nous : via message (Mes prises en charge/devis),3,0.0013630168105406633
"Contactez nous : via message (Mon adhésion, Autres)",Envoi carte TP par mail,3,0.011627906976744186
Télécharger un décompte,Contactez nous : via message (Mes remboursements),3,0.0013914656771799629
Contactez nous : via message (Ma carte tiers-payant),Contactez nous : via message (Ma carte tiers-payant),3,0.034482758620689655
Contactez nous : via message (Ma carte tiers-payant),Contactez nous : via message (Mes remboursements),3,0.034482758620689655
Contactez nous : via message (Ma carte tiers-payant),Contactez nous : via message (Mes prises en charge/devis),3,0.034482758620689655
Changer les coordonnées bancaire,envoi d'une demande de résiliation,3,0.0016
Envoi d'un message,Exporter remboursement,3,0.00663716814159292
SSO Disconnect,"Changer les coordonnées bancaire, changement de RIB pour les remboursements",3,0.07142857142857142
Renvoi carte TP papier,demander un renvoi par mail d'échéancier,3,0.0027675276752767526
Signature électronique d'un mandat sepa,Téléchargement carte TP,3,0.0007930214115781126
Contactez nous : via message (Mes remboursements),Envoi carte TP par mail,3,0.010309278350515464
Connexion en tant que,Contactez nous : via message (Mes remboursements),3,0.0013630168105406633
Téléchargement carte TP,Contactez nous : via message (Mes prises en charge/devis),3,0.002830188679245283
"Contactez nous : via message (Mon adhésion, Autres)",Exporter remboursement,3,0.011627906976744186
Contactez nous : via message (Mes prises en charge/devis),demander un renvoi par mail d'échéancier,3,0.018072289156626505
Envoi d'une réclamation,Changer l'organisme de rattachement sécu. Social,3,0.0033707865168539327
Envoi d'une réclamation,Changer les coordonnées bancaire,3,0.0033707865168539327
envoi d'une demande de résiliation,"Contactez nous : via message (Mon adhésion, Autres)",3,0.00423728813559322
envoi d'une demande de résiliation,Contactez nous : via message (Ma télétransmission - rattachement automatique avec votre Régime Obligatoire),3,0.00423728813559322
Téléchargement de la carte de tiers payant,demander un renvoi par mail d'échéancier,3,0.001601708489054992
Envoi carte TP par mail,envoi d'une demande de résiliation,3,0.0035211267605633804
Connexion en tant que,Envoi d'un message,3,0.0013630168105406633
Connexion en tant que,Contactez nous : via message (Ma télétransmission - rattachement automatique avec votre Régime Obligatoire),3,0.0013630168105406633
Envoi d'un document,Contactez nous : via message (Mes cotisations),3,0.0010993037742762918
Envoi d'un document,Contactez nous : via message (Mes garanties),3,0.0010993037742762918
"Changer les coordonnées bancaire, changement de RIB pour les cotisations",Envoi d'une réclamation,3,0.0026362038664323375
Contactez nous : via message (Mes remboursements),Partager un justificatif du PACS,3,0.010309278350515464
Contactez nous : via message (Mes prises en charge/devis),Contactez nous : via message (Mes prises en charge/devis),2,0.012048192771084338
Contactez nous : via message (Mes garanties),Ouverture d'un document contractuel,2,0.007905138339920948
Renvoi carte TP papier,Contactez nous : via message (Mes prises en charge/devis),2,0.0018450184501845018
demander un renvoi par mail d'échéancier,"Changer les coordonnées bancaire, changement de RIB pour les remboursements",2,0.004032258064516129
Partager un justificatif du PACS,Contactez nous : via message (Mes garanties),2,0.0013596193065941536
Exporter remboursement,Contactez nous : via message (Mes cotisations),2,0.0005625879043600563
Contactez nous : via message (Mes garanties),Envoi carte TP par mail,2,0.007905138339920948
Ajout de la carte tiers payant dans le wallet,Exporter remboursement,2,0.00684931506849315
envoi d'une demande de résiliation,Renvoi carte TP papier,2,0.002824858757062147
Contactez nous : via message (Mes garanties),Changer l'organisme de rattachement sécu. Social,2,0.007905138339920948
Contactez nous : via message (Mes garanties),Contactez nous : via message (Ma télétransmission - rattachement automatique avec votre Régime Obligatoire),2,0.007905138339920948
demander un renvoi par mail d'échéancier,Envoi carte TP par mail,2,0.004032258064516129
demander un renvoi par mail d'échéancier,Contactez nous : via message (Mes cotisations),2,0.004032258064516129
Changement de Mot de passe,Contactez nous : via message (Mes garanties),2,0.0012507817385866166
Changer l'organisme de rattachement sécu. Social,Ajout de la carte tiers payant dans le wallet,2,0.0009560229445506692
Changer l'organisme de rattachement sécu. Social,Contactez nous : via message (Mes remboursements),2,0.0009560229445506692
Contactez nous : via message (Mes cotisations),Envoi d'un document,2,0.013333333333333334
Contactez nous : via message (Mes garanties),Partager un justificatif du PACS,2,0.007905138339920948
Contactez nous : via message (Mes prises en charge/devis),Contactez nous : via message (Ma télétransmission - rattachement automatique avec votre Régime Obligatoire),2,0.012048192771084338
Partager un justificatif du PACS,Contactez nous : via message (Mes remboursements),2,0.0013596193065941536
Contactez nous : via message (Mes cotisations),Contactez nous : via message (Ma carte tiers-payant),2,0.013333333333333334
Changer l'organisme de rattachement sécu. Social,Télécharger un décompte,2,0.0009560229445506692
Envoi d'une réclamation,Contactez nous : via message (Mes cotisations),2,0.0022471910112359553
Envoi d'une réclamation,Contactez nous : via message (Ma télétransmission - rattachement automatique avec votre Régime Obligatoire),2,0.0022471910112359553
Contactez nous : via message (Ma télétransmission - rattachement automatique avec votre Régime Obligatoire),Exporter remboursement,2,0.03508771929824561
Contactez nous : via message (Ma télétransmission - rattachement automatique avec votre Régime Obligatoire),Contactez nous : via message (Mes remboursements),2,0.03508771929824561
"Changer les coordonnées bancaire, changement de RIB pour les cotisations",Téléchargement de la carte de tiers payant,2,0.0017574692442882249
"Changer les coordonnées bancaire, changement de RIB pour les cotisations",Téléchargement carte TP,2,0.0017574692442882249
Signature électronique d'un mandat sepa,demander un renvoi par mail d'échéancier,2,0.000528680941052075
Contactez nous : via message (Mes remboursements),Changer ses informations personnel,2,0.006872852233676976
Envoi d'un message,Signature électronique d'un mandat sepa,2,0.004424778761061947
demander un renvoi par mail d'échéancier,Contactez nous : via message (Ma carte tiers-payant),2,0.004032258064516129
Changer les coordonnées bancaire,Télécharger le certificat d'adhésion,2,0.0010666666666666667
SSO Disconnect,Télécharger le certificat d'adhésion,2,0.047619047619047616
SSO Disconnect,"Changer les coordonnées bancaire, changement de RIB pour les cotisations",2,0.047619047619047616
SSO Disconnect,Changer les coordonnées bancaire,2,0.047619047619047616
Contactez nous : via message (Ma carte tiers-payant),Contactez nous : via message (Mes cotisations),2,0.022988505747126436
Télécharger un décompte,Contactez nous : via message (Mes garanties),2,0.0009276437847866419
Contactez nous : via message (Mes prises en charge/devis),Exporter remboursement,2,0.012048192771084338
Connexion en tant que,"Contactez nous : via message (Mon adhésion, Autres)",2,0.0009086778736937755
Connexion en tant que,Contactez nous : via message (Mes cotisations),2,0.0009086778736937755
Téléchargement de la carte de tiers payant,"Changer les coordonnées bancaire, changement de RIB pour les remboursements",2,0.0010678056593699946
Téléchargement de la carte de tiers payant,Changer les coordonnées bancaire,2,0.0010678056593699946
Téléchargement de la carte de tiers payant,"Changer les coordonnées bancaire, changement de RIB pour les cotisations",2,0.0010678056593699946
Changer ses informations personnel,envoi d'une demande de résiliation,2,0.0005555555555555556
Changer ses informations personnel,demander un renvoi par mail d'échéancier,2,0.0005555555555555556
"Contactez nous : via message (Mon adhésion, Autres)",Partager un justificatif du PACS,2,0.007751937984496124
Télécharger le certificat d'adhésion,Changer l'organisme de rattachement sécu. Social,2,0.0016806722689075631
"Changer les coordonnées bancaire, changement de RIB pour les remboursements",Téléchargement de la carte de tiers payant,2,0.002044989775051125
Déconnexion,Changer les coordonnées bancaire,2,0.034482758620689655
"Contactez nous : via message (Mon adhésion, Autres)",Renvoi carte TP papier,2,0.007751937984496124
Envoi carte TP par mail,"Contactez nous : via message (Mon adhésion, Autres)",2,0.002347417840375587
Envoi carte TP par mail,Envoi d'un message,2,0.002347417840375587
envoi d'une demande de résiliation,Changer l'organisme de rattachement sécu. Social,2,0.002824858757062147
Ajout de la carte tiers payant dans le wallet,Changer ses informations personnel,1,0.003424657534246575
Ajout de la carte tiers payant dans le wallet,Partager un justificatif du PACS,1,0.003424657534246575
envoi d'une demande de résiliation,Téléchargement carte TP,1,0.0014124293785310734
Changement de Mot de passe,Contactez nous : via message (Ma télétransmission - rattachement automatique avec votre Régime Obligatoire),1,0.0006253908692933083
envoi d'une demande de résiliation,Ajout de la carte tiers payant dans le wallet,1,0.0014124293785310734
envoi d'une demande de résiliation,Changer les coordonnées bancaire,1,0.0014124293785310734
envoi d'une demande de résiliation,Contactez nous : via message (Ma carte tiers-payant),1,0.0014124293785310734
"Changer les coordonnées bancaire, changement de RIB pour les remboursements",Contactez nous : via message (Mes garanties),1,0.0010224948875255625
"Changer les coordonnées bancaire, changement de RIB pour les remboursements",Contactez nous : via message (Mes remboursements),1,0.0010224948875255625
"Changer les coordonnées bancaire, changement de RIB pour les cotisations",Envoi d'un message,1,0.0008787346221441124
"Changer les coordonnées bancaire, changement de RIB pour les remboursements",Téléchargement carte TP,1,0.0010224948875255625
Changer ses informations personnel,Ajout de la carte tiers payant dans le wallet,1,0.0002777777777777778
Télécharger le certificat d'adhésion,"Changer les coordonnées bancaire, changement de RIB pour les remboursements",1,0.0008403361344537816
Télécharger le certificat d'adhésion,Contactez nous : via message (Ma carte tiers-payant),1,0.0008403361344537816
"Changer les coordonnées bancaire, changement de RIB pour les remboursements",Contactez nous : via message (Ma carte tiers-payant),1,0.0010224948875255625
Changer ses informations personnel,Contactez nous : via message (Ma télétransmission - rattachement automatique avec votre Régime Obligatoire),1,0.0002777777777777778
Changer ses informations personnel,Contactez nous : via message (Mes garanties),1,0.0002777777777777778
Téléchargement carte TP,Signature électronique d'un mandat sepa,1,0.0009433962264150943
Téléchargement de la carte de tiers payant,Contactez nous : via message (Mes cotisations),1,0.0005339028296849973
Changer ses informations personnel,Contactez nous : via message (Ma carte tiers-payant),1,0.0002777777777777778
Téléchargement carte TP,Changer les coordonnées bancaire,1,0.0009433962264150943
Signature électronique d'un mandat sepa,Contactez nous : via message (Mes remboursements),1,0.0002643404705260375
Signature électronique d'un mandat sepa,"Contactez nous : via message (Mon adhésion, Autres)",1,0.0002643404705260375
Signature électronique d'un mandat sepa,Envoi d'un message,1,0.0002643404705260375
Signature électronique d'un mandat sepa,Envoi d'une réclamation,1,0.0002643404705260375
Télécharger un décompte,Contactez nous : via message (Ma télétransmission - rattachement automatique avec votre Régime Obligatoire),1,0.00046382189239332097
Télécharger un décompte,"Contactez nous : via message (Mon adhésion, Autres)",1,0.00046382189239332097
Changer les coordonnées bancaire,Téléchargement de la carte de tiers payant,1,0.0005333333333333334
Contactez nous : via message (Ma carte tiers-payant),Ajout de la carte tiers payant dans le wallet,1,0.011494252873563218
Contactez nous : via message (Ma carte tiers-payant),Changement de Mot de passe,1,0.011494252873563218
Contactez nous : via message (Ma carte tiers-payant),Changer l'organisme de rattachement sécu. Social,1,0.011494252873563218
Contactez nous : via message (Ma carte tiers-payant),Contactez nous : via message (Ma télétransmission - rattachement automatique avec votre Régime Obligatoire),1,0.011494252873563218
Contactez nous : via message (Ma carte tiers-payant),Contactez nous : via message (Mes garanties),1,0.011494252873563218
Contactez nous : via message (Ma carte tiers-payant),Envoi d'un document,1,0.011494252873563218
Contactez nous : via message (Ma carte tiers-payant),Envoi d'une réclamation,1,0.011494252873563218
Signature électronique d'un mandat sepa,Ajout de la carte tiers payant dans le wallet,1,0.0002643404705260375
Signature électronique d'un mandat sepa,Contactez nous : via message (Ma carte tiers-payant),1,0.0002643404705260375
Signature électronique d'un mandat sepa,Contactez nous : via message (Ma télétransmission - rattachement automatique avec votre Régime Obligatoire),1,0.0002643404705260375
Changer les coordonnées bancaire,Contactez nous : via message (Mes cotisations),1,0.0005333333333333334
Changer les coordonnées bancaire,Téléchargement carte TP,1,0.0005333333333333334
Changer l'organisme de rattachement sécu. Social,Envoi d'un message,1,0.0004780114722753346
Contactez nous : via message (Ma télétransmission - rattachement automatique avec votre Régime Obligatoire),Changement de Mot de passe,1,0.017543859649122806
Contactez nous : via message (Ma télétransmission - rattachement automatique avec votre Régime Obligatoire),Changer ses informations personnel,1,0.017543859649122806
Contactez nous : via message (Ma télétransmission - rattachement automatique avec votre Régime Obligatoire),Contactez nous : via message (Mes garanties),1,0.017543859649122806
Contactez nous : via message (Ma télétransmission - rattachement automatique avec votre Régime Obligatoire),"Contactez nous : via message (Mon adhésion, Autres)",1,0.017543859649122806
Contactez nous : via message (Ma télétransmission - rattachement automatique avec votre Régime Obligatoire),Envoi d'un message,1,0.017543859649122806
Renvoi carte TP papier,Contactez nous : via message (Ma carte tiers-payant),1,0.0009225092250922509
Contactez nous : via message (Ma carte tiers-payant),Exporter remboursement,1,0.011494252873563218
Contactez nous : via message (Ma carte tiers-payant),Partager un justificatif du PACS,1,0.011494252873563218
Contactez nous : via message (Mes cotisations),"Changer les coordonnées bancaire, changement de RIB pour les remboursements",1,0.006666666666666667
Partager un justificatif du PACS,Contactez nous : via message (Mes cotisations),1,0.0006798096532970768
Contactez nous : via message (Ma télétransmission - rattachement automatique avec votre Régime Obligatoire),Téléchargement de la carte de tiers payant,1,0.017543859649122806
Contactez nous : via message (Ma télétransmission - rattachement automatique avec votre Régime Obligatoire),Télécharger le certificat d'adhésion,1,0.017543859649122806
Contactez nous : via message (Ma télétransmission - rattachement automatique avec votre Régime Obligatoire),Télécharger un décompte,1,0.017543859649122806
Contactez nous : via message (Mes cotisations),Changement de Mot de passe,1,0.006666666666666667
Changer les coordonnées bancaire,Ajout de la carte tiers payant dans le wallet,1,0.0005333333333333334
Changement de Mot de passe,envoi d'une demande de résiliation,1,0.0006253908692933083
Changer l'organisme de rattachement sécu. Social,Contactez nous : via message (Ma télétransmission - rattachement automatique avec votre Régime Obligatoire),1,0.0004780114722753346
Changer l'organisme de rattachement sécu. Social,Contactez nous : via message (Mes garanties),1,0.0004780114722753346
Changer l'organisme de rattachement sécu. Social,Contactez nous : via message (Mes prises en charge/devis),1,0.0004780114722753346
Ouverture d'un document contractuel,Contactez nous : via message (Ma carte tiers-payant),1,0.00043233895373973193
Ouverture d'un document contractuel,Contactez nous : via message (Mes prises en charge/devis),1,0.00043233895373973193
Contactez nous : via message (Mes garanties),Renvoi carte TP papier,1,0.003952569169960474
Contactez nous : via message (Mes garanties),Signature électronique d'un mandat sepa,1,0.003952569169960474
Contactez nous : via message (Mes cotisations),Envoi carte TP par mail,1,0.006666666666666667
Exporter remboursement,Ajout de la carte tiers payant dans le wallet,1,0.00028129395218002813
Exporter remboursement,Contactez nous : via message (Ma carte tiers-payant),1,0.00028129395218002813
Exporter remboursement,Contactez nous : via message (Ma télétransmission - rattachement automatique avec votre Régime Obligatoire),1,0.00028129395218002813
Contactez nous : via message (Mes prises en charge/devis),Changer ses informations personnel,1,0.006024096385542169
Contactez nous : via message (Mes prises en charge/devis),Envoi d'un document,1,0.006024096385542169
Envoi d'une réclamation,Téléchargement de la carte de tiers payant,1,0.0011235955056179776
Changement de Mot de passe,Contactez nous : via message (Mes prises en charge/devis),1,0.0006253908692933083
Changement de Mot de passe,"Contactez nous : via message (Mon adhésion, Autres)",1,0.0006253908692933083
Changement de Mot de passe,Envoi d'un message,1,0.0006253908692933083
demander un renvoi par mail d'échéancier,Changer l'organisme de rattachement sécu. Social,1,0.0020161290322580645
demander un renvoi par mail d'échéancier,Changer ses informations personnel,1,0.0020161290322580645
Envoi d'une réclamation,Changement de Mot de passe,1,0.0011235955056179776
Envoi d'une réclamation,"Changer les coordonnées bancaire, changement de RIB pour les remboursements",1,0.0011235955056179776
Envoi d'une réclamation,Changer ses informations personnel,1,0.0011235955056179776
Contactez nous : via message (Mes garanties),Télécharger un décompte,1,0.003952569169960474
Envoi d'un message,Contactez nous : via message (Ma télétransmission - rattachement automatique avec votre Régime Obligatoire),1,0.0022123893805309734
Envoi d'un message,Téléchargement de la carte de tiers payant,1,0.0022123893805309734
Contactez nous : via message (Mes prises en charge/devis),Ouverture d'un document contractuel,1,0.006024096385542169
Contactez nous : via message (Mes prises en charge/devis),Renvoi carte TP papier,1,0.006024096385542169
Contactez nous : via message (Mes prises en charge/devis),Signature électronique d'un mandat sepa,1,0.006024096385542169
Contactez nous : via message (Mes remboursements),Contactez nous : via message (Ma télétransmission - rattachement automatique avec votre Régime Obligatoire),1,0.003436426116838488
Contactez nous : via message (Mes remboursements),Renvoi carte TP papier,1,0.003436426116838488
Envoi carte TP par mail,demander un renvoi par mail d'échéancier,1,0.0011737089201877935
Envoi carte TP par mail,Contactez nous : via message (Ma télétransmission - rattachement automatique avec votre Régime Obligatoire),1,0.0011737089201877935
envoi d'une demande de résiliation,Téléchargement de la carte de tiers payant,1,0.0014124293785310734
"Contactez nous : via message (Mon adhésion, Autres)",Téléchargement de la carte de tiers payant,1,0.003875968992248062
demander un renvoi par mail d'échéancier,"Contactez nous : via message (Mon adhésion, Autres)",1,0.0020161290322580645
Ajout de la carte tiers payant dans le wallet,Signature électronique d'un mandat sepa,1,0.003424657534246575
Ajout de la carte tiers payant dans le wallet,"Changer les coordonnées bancaire, changement de RIB pour les remboursements",1,0.003424657534246575
envoi d'une demande de résiliation,Contactez nous : via message (Mes prises en charge/devis),1,0.0014124293785310734
Ajout de la carte tiers payant dans le wallet,"Changer les coordonnées bancaire, changement de RIB pour les cotisations",1,0.003424657534246575
Ajout de la carte tiers payant dans le wallet,Changer l'organisme de rattachement sécu. Social,1,0.003424657534246575
